"id","first_name","last_name","father_name","date_of_birth","place_of_birth","phone_number","national_code","identification_number","address","postal_code","salary","rating"
"1","باران","تهرانی","دانیال","1343-07-14","شیراز","51773003078","2501781558","3663239848","قشم، خیابان ساری، پلاک 131، طبقه13، واحد2","3660700168","20000000","1.03"
"2","کیمیا","تبریزی","رامین","1375-04-05","کیش","15560728129","7974925606","2990846289","اردبیل، خیابان خوانسار، پلاک 55، طبقه18، واحد1","7677484951","30000000","2.65"
"3","نازنین","کرابی","بردیا","1387-02-28","ملایر","37575917864","9196898185","9020051168","ساری، خیابان قشم، پلاک 133، طبقه10، واحد1","6803456854","30000000","4.65"
"4","سورنا","خالو","سورنا","1374-09-02","کیش","96289437097","8565154281","953525040","قشم، خیابان ساری، پلاک 85، طبقه4، واحد1","2015464668","30000000","3.39"
"5","کیمیا","طیبی","محمود","1347-01-18","ارومیه","15972306703","9476534567","1093298980","شیراز، خیابان کرمان، پلاک 121، طبقه8، واحد2","1812063740","30000000","4.01"
"6","شهریار","تبریزی","علی","1400-02-18","خوانسار","40804024635","2577141647","259227959","کرمانشاه، خیابان اراک، پلاک 122، طبقه14، واحد4","8184582317","40000000","0.49"
"7","هادی","صبا","هیربد","1369-04-28","بجنورد","47502211103","9528514559","8571658392","تهران، خیابان بوشهر، پلاک 102، طبقه10، واحد2","1569807282","30000000","3.8"
"8","کامران","عقیلی","محمود","1327-01-11","همدان","82541043590","5851660508","2361472607","همدان، خیابان اردبیل، پلاک 40، طبقه5، واحد4","7121207262","40000000","4.07"
"9","مریم","ستوده","سورنا","1342-02-24","کرمان","58714893138","1260368934","6190751178","ساری، خیابان سمنان، پلاک 122، طبقه10، واحد4","6635011180","40000000","4.42"
"10","لاله","خالو","آرش","1399-03-24","ساری","29738679539","3124970181","2057404465","شیراز، خیابان مشهد، پلاک 124، طبقه4، واحد4","9350311084","20000000","2.37"
"11","ترانه","موتمن","بردیا","1324-01-11","اراک","57097543308","7849567345","9640227301","سمنان، خیابان هرمزگان، پلاک 113، طبقه7، واحد4","3406879108","20000000","2.57"
"12","آرمین","عقیلی","علی","1360-01-03","سمنان","68050719760","5020941183","2072667681","تبریز، خیابان مشهد، پلاک 133، طبقه5، واحد1","7178378779","40000000","3.59"
"13","شهرام","موتمن","هیربد","1368-06-27","اصفهان","80422119351","5177514624","8079860031","خوانسار، خیابان تهران، پلاک 31، طبقه5، واحد1","2882986008","30000000","4.72"
"14","زویا","کاووسی","کامران","1396-10-08","اصفهان","77721865162","4724808216","1431246095","سمنان، خیابان تبریز، پلاک 30، طبقه17، واحد2","5689301066","30000000","3.79"
"15","کوروش","تبریزی","آرمین","1321-04-27","کرمانشاه","16755575575","4657166879","820722530","هرمزگان، خیابان تهران، پلاک 75، طبقه16، واحد3","9924495792","20000000","1.16"
"16","کتایون","ادیبی","پارسا","1335-02-17","خرم آباد","30636939649","7341455769","7740007729","اصفهان، خیابان بوشهر، پلاک 108، طبقه11، واحد1","9587303300","30000000","0.66"
"17","داراب","فرزان","محمود","1312-12-06","مشهد","88608250419","8632379483","2569853608","اراک، خیابان بوشهر، پلاک 17، طبقه13، واحد2","6744410040","20000000","2.93"
"18","امیرپاشا","رضوی","هادی","1343-04-15","همدان","96449625502","3720913989","4553479651","بجنورد، خیابان مشهد، پلاک 122، طبقه3، واحد3","2358292970","20000000","0.69"
"19","امیر","کرمانی","حمیدرضا","1340-04-16","بوشهر","57074013322","4847356803","1460667708","سمنان، خیابان بیرجند، پلاک 149، طبقه15، واحد4","7981793912","40000000","3.93"
"20","تارا","کرمانی","علی","1381-11-27","یزد","45401024324","8526782037","2540400218","مشهد، خیابان بوشهر، پلاک 66، طبقه17، واحد4","2566691464","40000000","2.98"
"21","سمانه","اربابی","علی","1387-06-22","کرمانشاه","31416586710","2893430284","3102993548","ملایر، خیابان کیش، پلاک 125، طبقه8، واحد3","5591784570","40000000","0.83"
"22","دیبا","فرزان","داراب","1359-05-18","خوانسار","38898379424","9825979005","5822306894","کرمانشاه، خیابان کاشان، پلاک 93، طبقه15، واحد4","9694317048","30000000","0.71"
"23","تارا","موتمن","محمدجواد","1341-10-15","همدان","40233988781","4632225416","4662718630","اراک، خیابان قم، پلاک 75، طبقه6، واحد3","7575857812","30000000","4.87"
"24","هیربد","ادیبی","محمدجواد","1360-05-04","قزوین","82507470841","9889480491","8565280249","قزوین، خیابان هرمزگان، پلاک 15، طبقه5، واحد2","8216295229","30000000","4.52"
"25","هیربد","ادیبی","محمود","1354-11-17","شیراز","70886654023","9290667810","5511454553","ایلام، خیابان بجنورد، پلاک 37، طبقه1، واحد3","2894142783","30000000","3.36"
"26","یاسمن","خالو","آرش","1363-07-03","کاشان","24957564783","9519085622","7842024637","یزد، خیابان خرم آباد، پلاک 115، طبقه20، واحد2","2460626584","40000000","0.24"
"27","ترانه","هروی","امید","1355-04-01","کاشان","26070944789","8011808894","704719189","تبریز، خیابان اراک، پلاک 96، طبقه7، واحد3","9884378508","40000000","2.48"
"28","سورنا","کامرانی","داراب","1370-05-15","تبریز","92192350910","9983151458","9905222917","شوش، خیابان کیش، پلاک 30، طبقه17، واحد3","7514750374","20000000","3.05"
"29","پدرام","ستوده","امید","1386-06-06","همدان","39118361621","1318878724","4189443210","ایلام، خیابان قزوین، پلاک 59، طبقه14، واحد4","5365918372","30000000","1.45"
"30","شهرام","ستوده","هیربد","1342-12-25","بجنورد","59426680144","6818616231","4963740742","بوشهر، خیابان مشهد، پلاک 87، طبقه10، واحد1","8855558071","40000000","1.31"
"31","دیبا","کرابی","امید","1376-07-10","هرمزگان","25169657827","8427303818","3706908409","هرمزگان، خیابان خوانسار، پلاک 136، طبقه15، واحد4","3412514366","30000000","2.48"
"32","باران","کرابی","باربد","1328-08-19","ایلام","98116449781","3072760320","5875991350","شیراز، خیابان قشم، پلاک 122، طبقه16، واحد4","2203195144","20000000","0.81"
"33","محمود","کامرانی","کامران","1370-05-25","شوش","13648314207","4236231294","3739078163","قشم، خیابان هرمزگان، پلاک 104، طبقه3، واحد3","4793202505","20000000","1"
"34","دانیال","عقیلی","امیرپاشا","1398-02-07","قزوین","70906256974","3284876041","3199628719","تبریز، خیابان کاشان، پلاک 132، طبقه13، واحد4","1465420487","40000000","0.15"
"35","آرمین","صبا","داراب","1331-02-25","شیراز","55729457533","3546292493","5549507481","اردبیل، خیابان شیراز، پلاک 54، طبقه1، واحد4","3138718194","30000000","0.34"
"36","بیتا","کامرانی","هیربد","1361-05-02","سمنان","84932428489","3663233384","5709618005","کاشان، خیابان کاشان، پلاک 2، طبقه16، واحد3","1317757170","30000000","1.28"
"37","دانیال","هروی","علی","1347-10-12","اصفهان","21650009928","5390887733","3303660229","تبریز، خیابان بوشهر، پلاک 118، طبقه5، واحد4","8383856294","40000000","3.93"
"38","نیلوفر","نعمتی","محمود","1368-03-09","کیش","71294319207","1039534294","2215366270","بیرجند، خیابان همدان، پلاک 57، طبقه9، واحد3","5453966392","20000000","0.75"
"39","سمانه","فولادی","آرمین","1321-07-27","کرمانشاه","56202677406","7620177143","1269409958","بیرجند، خیابان خوانسار، پلاک 149، طبقه3، واحد1","4854276179","40000000","1.96"
"40","پارمیدا","ادیبی","داراب","1314-09-24","شیراز","47467374665","1499597685","2417327039","مشهد، خیابان مشهد، پلاک 107، طبقه1، واحد1","4961997342","30000000","1.06"
"41","زویا","طیبی","کوروش","1310-01-28","شوش","89461307550","8005977931","7208791622","قشم، خیابان ساری، پلاک 38، طبقه15، واحد3","5815978691","20000000","4.37"
"42","شهرام","فولادی","کامران","1325-07-04","همدان","47075542487","3009318043","9329618963","بجنورد، خیابان یزد، پلاک 57، طبقه15، واحد2","6901923026","30000000","2.38"
"43","امید","تبریزی","کامران","1392-08-18","تهران","72990102098","7385051928","5577866317","اراک، خیابان تبریز، پلاک 85، طبقه5، واحد2","2485486777","20000000","0.4"
"44","آرش","ستوده","دانیال","1399-12-21","شیراز","55155593468","9894839957","8694513181","اردبیل، خیابان قم، پلاک 108، طبقه11، واحد1","5356774908","20000000","2.63"
"45","لاله","تهرانی","پدرام","1392-09-23","مشهد","40132530654","9731168770","8787305022","تبریز، خیابان قشم، پلاک 17، طبقه7، واحد1","5134937725","30000000","3.41"
"46","کیانا","موتمن","علی","1325-02-20","خرم آباد","34644571197","1608290207","7106330784","یزد، خیابان هرمزگان، پلاک 86، طبقه3، واحد1","1831859319","20000000","0.66"
"47","شهریار","میر","شهریار","1345-06-26","بوشهر","27090555614","3498336307","6722094315","مشهد، خیابان کرمانشاه، پلاک 48، طبقه6، واحد1","8883491704","20000000","4.49"
"48","سمیرا","کاووسی","علی","1353-09-14","کرمان","30399385379","2785404561","8711508270","یزد، خیابان کرمان، پلاک 45، طبقه13، واحد4","1115514349","40000000","4.93"
"49","دریا","فولادی","باربد","1353-03-17","کرمان","74466984399","7264560629","4327677630","اصفهان، خیابان یزد، پلاک 20، طبقه17، واحد2","3673357022","30000000","3.19"
"50","هیربد","میر","بردیا","1340-02-26","شیراز","56730718937","4675222310","3181731221","مشهد، خیابان خوانسار، پلاک 119، طبقه18، واحد1","9629762947","30000000","3.33"
"51","پارمیدا","نعمتی","شهریار","1338-10-17","شیراز","53312004619","4510797224","5157847803","کیش، خیابان ملایر، پلاک 5، طبقه10، واحد4","3654754563","30000000","2.78"
"52","آرش","فولادی","رامین","1394-01-09","قم","68056702684","4763105098","6588146184","اراک، خیابان کاشان، پلاک 82، طبقه18، واحد3","5401014878","30000000","3.59"
"53","محمدجواد","تبریزی","پدرام","1384-06-09","تهران","58893036440","3262444989","1757945265","مشهد، خیابان ارومیه، پلاک 84، طبقه17، واحد4","6315025375","20000000","3.43"
"54","رامین","مرعشی","محمود","1347-06-06","ایلام","55513593449","2901203884","59692093","قم، خیابان کرمانشاه، پلاک 75، طبقه13، واحد2","3783949444","40000000","2.55"
"55","دریا","اربابی","آرمین","1383-10-22","کاشان","12349024210","2889474368","7366302123","ایلام، خیابان خرم آباد، پلاک 105، طبقه19، واحد4","3693102803","30000000","0.88"
"56","پارمیدا","خالو","هیربد","1396-04-11","قم","84156578560","9315325655","4326094475","همدان، خیابان کرمانشاه، پلاک 117، طبقه12، واحد4","3722913629","40000000","2.16"
"57","بردیا","طالبی","محمود","1339-12-15","ارومیه","95384024290","9080380730","8935804284","یزد، خیابان ارومیه، پلاک 86، طبقه17، واحد3","4206870193","40000000","3.63"
"58","باران","میرعباسی","بردیا","1365-01-05","سمنان","67113687562","2701519561","7717037251","شیراز، خیابان ساری، پلاک 52، طبقه14، واحد4","5066604814","20000000","3.68"
"59","پارسا","فدایی","کوروش","1372-05-10","تبریز","22428139848","1110824135","9569539848","شوش، خیابان سمنان، پلاک 138، طبقه4، واحد4","6521774002","40000000","4.08"
"60","زویا","ادیبی","امیر","1329-02-03","خوانسار","63295305248","5907370665","8903225443","مشهد، خیابان مشهد، پلاک 82، طبقه4، واحد4","7144996768","40000000","3.88"
"61","باران","فرزانه پور","محمود","1375-02-09","ملایر","28599488877","6192302992","9825648111","ساری، خیابان ارومیه، پلاک 94، طبقه8، واحد4","3986105535","20000000","4.37"
"62","دانیال","بابایی نژاد","پدرام","1332-03-12","ارومیه","73625440868","4627816686","8254978068","مشهد، خیابان کاشان، پلاک 60، طبقه7، واحد2","2168216481","30000000","3.1"
"63","دریا","بابایی نژاد","دانیال","1328-02-03","کاشان","56389437814","6025181616","240045925","بجنورد، خیابان قشم، پلاک 73، طبقه9، واحد4","4347398719","30000000","2.47"
"64","نازنین","کرابی","امید","1367-11-13","مشهد","37238521851","5532930382","9722543656","شوش، خیابان هرمزگان، پلاک 2، طبقه20، واحد1","5232260273","40000000","1.62"
"65","دانیال","علوی","پدرام","1349-10-22","سمنان","37357309398","7567762649","2743018250","اراک، خیابان بیرجند، پلاک 105، طبقه16، واحد1","8262805557","40000000","4.11"
"66","دیبا","ادیبی","کامران","1397-02-25","کاشان","31325325337","3888902286","6240524599","کیش، خیابان کرمانشاه، پلاک 118، طبقه2، واحد2","1173906461","20000000","2.37"
"67","سارا","ملایری","پدرام","1373-04-22","کاشان","48255582531","6358408137","5922933842","ساری، خیابان مشهد، پلاک 108، طبقه11، واحد4","2521245134","20000000","4.47"
"68","امیر","ادیبی","امید","1376-07-14","قزوین","64829957395","2652789260","9177909928","همدان، خیابان بوشهر، پلاک 58، طبقه7، واحد1","3889803591","20000000","1.19"
"69","تارا","صبا","بردیا","1378-09-04","ملایر","80038264504","5746163566","164331574","ایلام، خیابان قزوین، پلاک 139، طبقه13، واحد2","6992413313","20000000","2.27"
"70","کیانا","طالبی","شهرام","1385-05-21","ساری","80985579571","2268425803","2488529122","اصفهان، خیابان کاشان، پلاک 17، طبقه6، واحد4","4573121326","40000000","2.11"
"71","هیربد","فدایی","فرهاد","1362-05-03","قم","92149178751","9163995711","3852235570","اراک، خیابان اصفهان، پلاک 2، طبقه11، واحد2","6453199360","20000000","4.01"
"72","بیتا","میرعباسی","امیر","1317-11-21","شیراز","39343522981","2496010680","4770550417","شوش، خیابان ملایر، پلاک 42، طبقه6، واحد1","5978886560","20000000","3.26"
"73","کیانا","موتمن","امید","1336-01-14","قشم","30320934281","6008496641","4323008698","اردبیل، خیابان سمنان، پلاک 88، طبقه16، واحد3","8411600000","30000000","3.08"
"74","سورنا","علوی","داراب","1388-06-15","یزد","12937583000","3104455984","8352302426","ملایر، خیابان مشهد، پلاک 85، طبقه1، واحد1","2455400961","40000000","0.33"
"75","بردیا","کامرانی","محمود","1380-03-26","بجنورد","22975336927","4108660561","5106212612","خرم آباد، خیابان مشهد، پلاک 140، طبقه5، واحد1","9545557797","40000000","4.23"
"76","تارا","فدایی","هیربد","1359-06-14","ارومیه","24624400049","2507135443","4546527545","قم، خیابان شیراز، پلاک 44، طبقه3، واحد1","4869513443","40000000","3.51"
"77","دریا","کرابی","امید","1401-11-13","اصفهان","77733692781","7501458691","6415376059","سمنان، خیابان خوانسار، پلاک 93، طبقه6، واحد1","3822716481","20000000","4"
"78","هادی","مهرانفر","محمدجواد","1391-02-22","کرمانشاه","97748479074","7420405784","9104775727","کرمان، خیابان ایلام، پلاک 55، طبقه8، واحد1","4033587629","20000000","0.9"
"79","امیر","مرعشی","علی","1381-12-01","شوش","25478183338","3418134486","8004852958","ارومیه، خیابان مشهد، پلاک 58، طبقه20، واحد2","3604928075","20000000","0.68"
"80","امید","بابایی نژاد","حمیدرضا","1396-06-12","مشهد","42567243864","3992320093","4182068919","سمنان، خیابان قزوین، پلاک 50، طبقه16، واحد1","6104996751","30000000","3.46"
"81","کامران","کاووسی","شهریار","1380-09-13","بیرجند","49852685350","1562976595","3337622628","کیش، خیابان بیرجند، پلاک 63، طبقه3، واحد1","8503835420","30000000","0.66"
"82","کتایون","نعیمی","آرمین","1314-03-09","تبریز","67029770563","6665979469","942846448","تهران، خیابان سمنان، پلاک 25، طبقه20، واحد4","6285657021","40000000","0.01"
"83","کیانا","فدایی","محمدجواد","1359-10-20","قشم","55386019649","2961463269","8666444450","بجنورد، خیابان قشم، پلاک 75، طبقه13، واحد1","1809251902","30000000","2.54"
"84","شهرام","صبا","سورنا","1345-05-16","قم","52513155744","5986815668","5419113558","ملایر، خیابان اردبیل، پلاک 132، طبقه2، واحد4","8491750379","40000000","3.27"
"85","پارمیدا","ادیبی","کامران","1346-02-04","تهران","32166415200","1838757725","9941057600","مشهد، خیابان مشهد، پلاک 64، طبقه4، واحد1","8719703519","30000000","1.78"
"86","بیتا","فدایی","کوروش","1315-08-20","کاشان","69704342609","6634968541","8134025745","قشم، خیابان ایلام، پلاک 30، طبقه15، واحد1","4435222583","30000000","2.01"
"87","مریم","میرعباسی","محمدجواد","1393-04-22","اردبیل","69266586361","2047812189","9880092524","اصفهان، خیابان اراک، پلاک 141، طبقه16، واحد3","5701707255","30000000","0.59"
"88","حمیدرضا","عقیلی","باربد","1335-01-07","تهران","15489707281","8601157222","3221370217","سمنان، خیابان کرمانشاه، پلاک 51، طبقه19، واحد4","2115507476","20000000","4.63"
"89","فرهاد","بابایی نژاد","امید","1319-05-18","تبریز","14939342264","4239159822","5693895359","شوش، خیابان همدان، پلاک 120، طبقه18، واحد1","4112156824","40000000","4.8"
"90","سحر","کرمانی","محمدجواد","1381-02-12","یزد","15131980889","7624573188","61715443","تهران، خیابان شیراز، پلاک 37، طبقه19، واحد1","9776440336","40000000","3.8"
"91","شهریار","میرعباسی","آرمین","1388-01-13","بیرجند","89494291972","4169919695","9784019853","ساری، خیابان اردبیل، پلاک 80، طبقه9، واحد3","2668233966","40000000","4.55"
"92","دریا","طیبی","پدرام","1342-09-27","یزد","86354194547","6210737101","3996996028","قم، خیابان خرم آباد، پلاک 147، طبقه9، واحد4","2475197429","40000000","3.5"
"93","زویا","تهرانی","رامین","1336-01-10","ساری","32631569406","7765923932","9503127781","اراک، خیابان مشهد، پلاک 22، طبقه6، واحد1","5403164792","30000000","1.65"
"94","کامران","تهرانی","کوروش","1381-07-15","هرمزگان","88414115664","7820965079","1599978449","اردبیل، خیابان اردبیل، پلاک 76، طبقه11، واحد2","7846059539","30000000","3.73"
"95","سورنا","صبا","بردیا","1365-09-05","کرمانشاه","40543411562","1904627272","2381188811","اراک، خیابان قزوین، پلاک 124، طبقه4، واحد3","9802706375","20000000","1.86"
"96","آریانا","نعیمی","حمیدرضا","1385-11-15","ساری","72926200960","8905111257","7935615095","مشهد، خیابان ملایر، پلاک 74، طبقه7، واحد3","9949770823","40000000","1.29"
"97","بردیا","عقیلی","محمدجواد","1391-12-10","هرمزگان","76322983306","6489125726","8954344309","قشم، خیابان هرمزگان، پلاک 44، طبقه2، واحد3","6424115270","20000000","3.98"
"98","محمود","ملایری","حمیدرضا","1386-09-26","ساری","81515671879","5766131505","1822751394","تبریز، خیابان ارومیه، پلاک 16، طبقه17، واحد2","5465812007","30000000","2.24"
"99","لاله","تهرانی","آرش","1360-07-07","خوانسار","82960183579","2170227313","4990511146","مشهد، خیابان کیش، پلاک 137، طبقه3، واحد4","3383401181","40000000","2.4"
"100","ترانه","صبا","پارسا","1370-05-17","ملایر","73541894441","9177732958","4502503903","قزوین، خیابان یزد، پلاک 97، طبقه6، واحد2","1806218203","20000000","3.15"
"101","دانیال","رضوی","محمدجواد","1325-08-08","کاشان","87797315567","7980101222","8260849822","شوش، خیابان مشهد، پلاک 122، طبقه19، واحد3","6664010703","30000000","1.2"
"102","رامین","تهرانی","آرش","1383-11-03","کیش","83669520960","3714528519","7895101584","ایلام، خیابان کیش، پلاک 34، طبقه19، واحد3","1818800049","20000000","1.52"
"103","رامین","فولادی","آرش","1364-02-05","خرم آباد","97160962990","4465823175","8526503112","کاشان، خیابان مشهد، پلاک 140، طبقه4، واحد4","8524625176","40000000","1.27"
"104","کامران","کرمانی","فرهاد","1358-11-14","تهران","87132903896","4411304336","8266580078","کرمانشاه، خیابان قشم، پلاک 56، طبقه11، واحد4","8857071655","30000000","1.14"
"105","ترانه","مرعشی","هیربد","1385-03-18","مشهد","82729245468","3144134731","2640426092","بوشهر، خیابان قزوین، پلاک 115، طبقه4، واحد3","9135767164","40000000","3.04"
"106","محمدجواد","نعمتی","حمیدرضا","1375-10-11","بیرجند","79109664739","5295553365","8539457687","ایلام، خیابان ساری، پلاک 91، طبقه16، واحد4","9940231883","20000000","2.01"
"107","پدرام","صبا","رامین","1361-05-03","شوش","67587041632","1181707130","2373547884","خرم آباد، خیابان مشهد، پلاک 28، طبقه8، واحد1","2618638137","20000000","1.21"
"108","امیرپاشا","میر","بردیا","1389-06-15","بوشهر","72312233920","6430877427","9465417016","همدان، خیابان قم، پلاک 104، طبقه7، واحد1","7970662234","40000000","3.44"
"109","آرمین","فرزان","علی","1322-09-16","مشهد","65451436479","2754458275","2808291610","ایلام، خیابان ایلام، پلاک 85، طبقه2، واحد1","3263685743","40000000","0.11"
"110","کتایون","میر","هادی","1353-10-01","ایلام","69342669022","4637847222","278406868","شیراز، خیابان ارومیه، پلاک 25، طبقه7، واحد3","1015423042","40000000","3.09"
