"id","first_name","last_name","father_name","date_of_birth","place_of_birth","phone_number","national_code","identification_number","address","postal_code","salary","branch"
"1","سمیرا","نعیمی","محمود","1335-01-04","اصفهان","79953166387","6572303426","3209994755","کرمانشاه، خیابان ساری، پلاک 64، طبقه19، واحد2","3000728940","65000000","62"
"2","بیتا","خالو","فرهاد","1396-02-05","بیرجند","28164676454","6401535821","2193977052","مشهد، خیابان همدان، پلاک 25، طبقه19، واحد3","4063031700","60000000","28"
"3","شادی","خالو","شهریار","1347-04-14","بوشهر","84336099885","2505975206","1378183901","بوشهر، خیابان کیش، پلاک 102، طبقه6، واحد4","5625623560","50000000","104"
"4","نازنین","تهرانی","هادی","1336-07-15","ساری","36934123677","2560942174","4841426448","هرمزگان، خیابان ایلام، پلاک 99، طبقه11، واحد4","2754831231","60000000","108"
"5","مریم","علوی","فرهاد","1387-12-27","کرمان","54638789428","8033755900","5545987928","خرم آباد، خیابان اردبیل، پلاک 109، طبقه1، واحد1","1976448015","65000000","96"
"6","سمیرا","میرعباسی","هادی","1367-08-02","خوانسار","70667239251","3547725603","6565056764","مشهد، خیابان مشهد، پلاک 36، طبقه13، واحد4","5095703646","60000000","88"
"7","سروین","صبا","محمدجواد","1328-02-12","بیرجند","46446932046","6517333408","1604820777","ملایر، خیابان بیرجند، پلاک 24، طبقه15، واحد4","3354074458","50000000","101"
"8","هادی","اربابی","باربد","1313-07-03","قزوین","95030064970","6811321641","7308816927","اردبیل، خیابان همدان، پلاک 51، طبقه18، واحد3","6347650809","50000000","80"
"9","سروین","ملایری","محمدجواد","1332-12-03","تبریز","13793491164","5543151770","8327628294","مشهد، خیابان قزوین، پلاک 17، طبقه7، واحد2","7254240628","65000000","17"
"10","داراب","فولادی","آرمین","1401-04-09","ملایر","53685587006","3852484916","7125037165","اراک، خیابان قم، پلاک 35، طبقه8، واحد1","3996759187","50000000","66"
"11","بردیا","طیبی","امیر","1366-04-23","کرمان","26091798200","4917548101","2209380189","تهران، خیابان کیش، پلاک 21، طبقه12، واحد4","4800457761","50000000","110"
"12","پارسا","علوی","هیربد","1314-02-25","کاشان","23459281101","8442367339","3349163276","تهران، خیابان ملایر، پلاک 77، طبقه7، واحد2","3329361957","50000000","100"
"13","باربد","کاووسی","علی","1380-07-03","سمنان","66349354063","7798477314","9501861747","کرمانشاه، خیابان قم، پلاک 76، طبقه7، واحد3","9128073755","65000000","30"
"14","شادی","صبا","امیرپاشا","1395-09-14","اراک","41063220415","9767027902","7695422794","کرمانشاه، خیابان مشهد، پلاک 48، طبقه1، واحد4","7286791955","60000000","69"
"15","سمیرا","مرعشی","حمیدرضا","1367-05-14","اردبیل","44344498448","5044957941","7521444040","هرمزگان، خیابان شوش، پلاک 131، طبقه18، واحد3","2953337788","60000000","6"
"16","شادی","اربابی","آرمین","1330-05-01","بیرجند","89773981324","3125836100","879700070","ساری، خیابان بوشهر، پلاک 66، طبقه16، واحد3","1739400643","50000000","18"
"17","آریانا","طالبی","کوروش","1359-07-19","ارومیه","78430430840","2241493845","6915819762","ملایر، خیابان بوشهر، پلاک 54، طبقه19، واحد4","7922623570","50000000","41"
"18","نیلوفر","ادیبی","هادی","1371-01-23","اردبیل","59315754892","4958990945","9890367004","خرم آباد، خیابان ملایر، پلاک 99، طبقه16، واحد4","1516569652","60000000","97"
"19","باربد","رضوی","محمود","1311-01-08","قشم","68433254839","9460942263","5136507685","ارومیه، خیابان مشهد، پلاک 8، طبقه17، واحد4","6536071490","50000000","88"
"20","کیانا","فدایی","محمدجواد","1315-11-26","کاشان","22598838214","6689301698","9377637573","تهران، خیابان سمنان، پلاک 104، طبقه8، واحد3","1345964397","65000000","38"
"21","تارا","مرعشی","آرش","1362-07-26","مشهد","88170871435","6862403797","3491617365","تبریز، خیابان شیراز، پلاک 77، طبقه7، واحد4","3038399749","50000000","78"
"22","رامین","فرزان","آرمین","1391-04-13","قزوین","60346711680","8351032603","6385809336","تبریز، خیابان شیراز، پلاک 83، طبقه11، واحد2","2459716313","65000000","75"
"23","پدرام","موتمن","محمود","1393-04-26","قزوین","48664214579","5184508209","3742858466","مشهد، خیابان بجنورد، پلاک 40، طبقه16، واحد3","2903683105","50000000","53"
"24","دریا","نعمتی","آرش","1317-08-09","کرمانشاه","64994017629","3042397630","1445816031","کاشان، خیابان قم، پلاک 39، طبقه4، واحد4","3772396425","50000000","88"
"25","علی","کاووسی","کوروش","1381-03-27","ارومیه","68544905340","5671876389","8986549652","تبریز، خیابان شیراز، پلاک 126، طبقه20، واحد3","5094438573","60000000","31"
"26","باربد","رضوی","محمود","1319-09-21","همدان","98389266406","2259603011","8428269730","قزوین، خیابان مشهد، پلاک 88، طبقه3، واحد1","4207546280","50000000","101"
"27","پدرام","تهرانی","باربد","1340-08-28","ایلام","51696545309","1733036162","4015389108","قزوین، خیابان قزوین، پلاک 100، طبقه5، واحد1","9385368920","60000000","13"
"28","لاله","کاووسی","آرش","1397-11-25","کرمان","32281818120","3175973265","6482384790","کرمانشاه، خیابان هرمزگان، پلاک 140، طبقه13، واحد3","4513876928","50000000","102"
"29","دانیال","کاووسی","باربد","1328-03-21","ایلام","64651915281","9616031528","3495092113","مشهد، خیابان قزوین، پلاک 31، طبقه1، واحد3","1452633721","65000000","69"
"30","دریا","اربابی","رامین","1334-03-27","هرمزگان","58173332452","5508426728","5495454742","مشهد، خیابان کیش، پلاک 36، طبقه13، واحد4","1990161382","50000000","98"
"31","هادی","ملایری","پارسا","1362-12-26","قشم","67205156517","3669128534","9682711253","کیش، خیابان یزد، پلاک 133، طبقه7، واحد1","8735277657","50000000","40"
"32","باربد","موتمن","شهریار","1340-03-18","بوشهر","58008366337","2612262248","6887533434","ساری، خیابان سمنان، پلاک 142، طبقه6، واحد4","9365924950","60000000","34"
"33","شهرام","رضوی","امیرپاشا","1351-06-18","تهران","68725246224","1819018669","6420142219","قشم، خیابان بیرجند، پلاک 121، طبقه6، واحد1","6507482109","65000000","53"
"34","لیلی","فدایی","شهرام","1328-12-11","اراک","22627751984","8516697431","7808978145","خرم آباد، خیابان اصفهان، پلاک 94، طبقه10، واحد3","1770281058","50000000","12"
"35","باران","فرزانه پور","پدرام","1379-02-18","اردبیل","42770512045","3794567030","7041768501","همدان، خیابان کاشان، پلاک 89، طبقه6، واحد4","8054969660","60000000","42"
"36","پدرام","تبریزی","امید","1362-02-01","مشهد","23556802079","1986632575","8580009469","بیرجند، خیابان ایلام، پلاک 125، طبقه11، واحد2","2588138803","60000000","29"
"37","پارسا","خالو","سورنا","1379-11-08","شیراز","30678400922","8285692486","1933541057","مشهد، خیابان اصفهان، پلاک 140، طبقه20، واحد3","2195758747","50000000","64"
"38","سروین","نعیمی","داراب","1382-02-01","هرمزگان","47849663063","5678431363","3720387480","تهران، خیابان بجنورد، پلاک 71، طبقه13، واحد2","6295302305","65000000","41"
"39","مریم","اربابی","امید","1322-01-22","شیراز","94245772744","2920273541","4976260851","خرم آباد، خیابان بجنورد، پلاک 132، طبقه9، واحد2","4023943866","50000000","27"
"40","محمود","تبریزی","علی","1312-08-27","تبریز","46949538959","5211290617","5745828204","بوشهر، خیابان تبریز، پلاک 65، طبقه10، واحد4","2152401971","60000000","66"
"41","لاله","موتمن","علی","1323-01-08","بجنورد","32775562021","4567350126","7360942278","بجنورد، خیابان شیراز، پلاک 119، طبقه10، واحد2","3843367314","50000000","104"
"42","علی","ستوده","پدرام","1390-06-02","مشهد","23474844894","6704303456","6809851086","بجنورد، خیابان خوانسار، پلاک 111، طبقه6، واحد2","5161753712","65000000","44"
"43","یاسمن","تهرانی","علی","1336-01-21","همدان","79339204849","5910867027","9053735474","بیرجند، خیابان هرمزگان، پلاک 118، طبقه9، واحد4","6706432554","65000000","47"
"44","یاسمن","موتمن","شهرام","1376-10-21","ساری","55060689881","6862329981","1973382578","ملایر، خیابان قم، پلاک 85، طبقه17، واحد1","4672040401","50000000","94"
"45","باربد","ادیبی","رامین","1342-09-03","کرمان","45730245157","3885052444","7130999594","خرم آباد، خیابان سمنان، پلاک 89، طبقه2، واحد1","8218233635","50000000","95"
"46","باران","فولادی","آرش","1353-12-19","کرمان","52563944227","5934208502","3826359653","اصفهان، خیابان قم، پلاک 63، طبقه3، واحد2","7012372724","65000000","73"
"47","کیمیا","مرعشی","محمود","1389-11-22","خوانسار","18701555563","6297242076","3257664732","سمنان، خیابان خوانسار، پلاک 125، طبقه1، واحد3","5112801674","50000000","80"
"48","لاله","کرمانی","امیرپاشا","1389-03-28","اصفهان","29946946257","8027965573","9317267056","ملایر، خیابان تبریز، پلاک 118، طبقه6، واحد3","7410936166","65000000","106"
"49","پارسا","تبریزی","هیربد","1351-05-02","اصفهان","86963457727","2056558847","3176388477","شیراز، خیابان قم، پلاک 116، طبقه20، واحد2","5418324701","60000000","29"
"50","آرمین","هروی","امیرپاشا","1365-03-14","کاشان","96714834499","8775532161","4279602082","کیش، خیابان بیرجند، پلاک 143، طبقه6، واحد4","3190557357","65000000","2"
"51","رامین","میر","شهریار","1393-10-08","بیرجند","29090771901","4966266074","5128411126","کاشان، خیابان اردبیل، پلاک 18، طبقه16، واحد2","9410631302","65000000","65"
"52","کوروش","صبا","هیربد","1349-04-22","قزوین","22069342366","4840614983","7436121105","ایلام، خیابان تبریز، پلاک 16، طبقه14، واحد4","6006077852","50000000","44"
"53","دیبا","فدایی","آرش","1380-09-21","بوشهر","47651132024","1417712515","2776302785","قشم، خیابان کرمان، پلاک 66، طبقه17، واحد4","2021652634","60000000","48"
"54","سمیرا","علوی","حمیدرضا","1381-01-07","ساری","68784508028","6240147140","4431929577","شوش، خیابان قشم، پلاک 141، طبقه11، واحد1","1705993928","50000000","73"
"55","کامران","کاووسی","پدرام","1388-12-19","یزد","41008550474","9417409354","6743152790","تهران، خیابان تهران، پلاک 114، طبقه4، واحد3","9369061967","65000000","55"
"56","شادی","اربابی","آرش","1314-08-20","کاشان","87206450726","8149703419","4035082733","کرمان، خیابان شوش، پلاک 80، طبقه17، واحد3","8408937190","65000000","45"
"57","سحر","طالبی","محمدجواد","1311-06-28","شیراز","33089556221","9937568516","2983057600","خوانسار، خیابان همدان، پلاک 66، طبقه3، واحد3","5405901061","50000000","106"
"58","امیرپاشا","نعمتی","فرهاد","1356-07-19","کرمان","96737717349","4260193472","660555595","کیش، خیابان قم، پلاک 85، طبقه18، واحد4","1845170037","60000000","19"
"59","کتایون","فولادی","امیرپاشا","1342-08-14","بجنورد","23043417330","1661840888","7208104431","بوشهر، خیابان ساری، پلاک 99، طبقه14، واحد2","8453122049","60000000","87"
"60","سروین","فولادی","امیر","1318-07-03","بجنورد","79955188328","2387489973","3416224031","ارومیه، خیابان قشم، پلاک 65، طبقه10، واحد3","7382628910","60000000","82"
"61","امیرپاشا","هروی","محمدجواد","1318-09-06","ارومیه","81429836434","3715908589","8310787714","اصفهان، خیابان تبریز، پلاک 19، طبقه16، واحد4","2218329744","65000000","46"
"62","نیلوفر","نعیمی","امید","1318-08-13","ملایر","84172750344","4462281586","5328265948","کرمان، خیابان ایلام، پلاک 47، طبقه15، واحد1","1739685311","50000000","35"
"63","شادی","طیبی","امیر","1314-10-22","خوانسار","36505419954","3670479191","5903210636","ارومیه، خیابان اصفهان، پلاک 67، طبقه3، واحد2","1573663379","60000000","53"
"64","امیر","فرزان","محمود","1338-10-18","ساری","14509489537","7129544093","8625231820","خوانسار، خیابان کرمان، پلاک 6، طبقه4، واحد2","5657466053","65000000","16"
"65","پدرام","صبا","داراب","1331-04-03","کرمان","27320054082","8621761996","8004178182","مشهد، خیابان کاشان، پلاک 28، طبقه19، واحد2","8305302526","65000000","58"
"66","سروین","خالو","بردیا","1319-02-07","اصفهان","89730783116","3872198799","1679541107","بوشهر، خیابان اصفهان، پلاک 57، طبقه18، واحد3","2285551630","60000000","69"
"67","شهرام","فرزانه پور","شهریار","1349-05-04","مشهد","72361607712","1233243312","1909234206","شوش، خیابان یزد، پلاک 143، طبقه18، واحد2","2170921146","60000000","96"
"68","سارا","میر","بردیا","1339-09-02","خوانسار","73570910647","4562204518","9052990593","کاشان، خیابان بیرجند، پلاک 12، طبقه10، واحد2","9624360218","65000000","34"
"69","لیلی","نعمتی","رامین","1320-10-07","کاشان","31759633157","4752122905","904639454","ارومیه، خیابان مشهد، پلاک 148، طبقه1، واحد4","3086420420","60000000","74"
"70","باربد","صبا","شهریار","1315-07-08","تهران","84250757817","6042087774","6485299527","بیرجند، خیابان ساری، پلاک 54، طبقه11، واحد4","9952753747","65000000","105"
"71","سروین","تهرانی","هیربد","1378-11-05","هرمزگان","81203645686","1967408777","3682067363","خوانسار، خیابان ارومیه، پلاک 84، طبقه14، واحد3","9662355810","65000000","12"
"72","رامین","ستوده","علی","1395-07-06","ارومیه","94361087899","5609566141","7150086183","مشهد، خیابان ایلام، پلاک 132، طبقه19، واحد3","4718754214","60000000","46"
"73","زویا","مرعشی","آرمین","1347-04-15","هرمزگان","40518232462","8935991985","1629973015","مشهد، خیابان بجنورد، پلاک 130، طبقه8، واحد2","1455278708","60000000","42"
"74","کیمیا","نعمتی","هادی","1364-04-08","بوشهر","50289480831","3913442246","5931576286","ملایر، خیابان کاشان، پلاک 109، طبقه15، واحد1","3300874690","50000000","87"
"75","پارسا","صبا","حمیدرضا","1329-10-03","ایلام","72468810468","6975772728","3028415551","اصفهان، خیابان اصفهان، پلاک 129، طبقه20، واحد4","4442945430","65000000","97"
"76","فاطمه","تبریزی","رامین","1347-10-20","مشهد","20166255116","7827425983","9575551691","کرمانشاه، خیابان ملایر، پلاک 44، طبقه4، واحد4","5829763420","60000000","6"
"77","زویا","ادیبی","امیر","1366-09-20","تهران","56539899829","7905716937","2707995159","شوش، خیابان شوش، پلاک 26، طبقه10، واحد2","2447456069","65000000","19"
"78","دریا","فولادی","کوروش","1380-07-09","سمنان","16554796687","7648563032","3881634707","یزد، خیابان تهران، پلاک 71، طبقه17، واحد4","8643833974","65000000","20"
"79","پارسا","ادیبی","محمدجواد","1323-10-26","همدان","67285031667","9205756572","295305870","هرمزگان، خیابان تهران، پلاک 119، طبقه15، واحد4","9155073319","50000000","10"
"80","باران","میر","فرهاد","1375-05-28","بوشهر","37856938970","4800575224","7129432343","خرم آباد، خیابان ساری، پلاک 54، طبقه14، واحد1","5044212480","50000000","38"
"81","مریم","کاووسی","دانیال","1378-07-21","کرمان","96076584288","3206912049","9603807493","تهران، خیابان خوانسار، پلاک 5، طبقه16، واحد4","3165867104","60000000","60"
"82","دانیال","تبریزی","هیربد","1383-04-18","خوانسار","37157156326","2568399866","5029029310","ساری، خیابان تهران، پلاک 45، طبقه4، واحد4","2776722046","50000000","81"
"83","هادی","صبا","حمیدرضا","1389-02-23","قزوین","67963699479","5135267504","8869637292","خوانسار، خیابان شوش، پلاک 126، طبقه1، واحد2","6161624834","65000000","29"
"84","نیلوفر","بابایی نژاد","پارسا","1370-11-12","کرمانشاه","35551394583","2832533706","3328044526","ارومیه، خیابان تبریز، پلاک 54، طبقه11، واحد1","3423071972","60000000","4"
"85","حمیدرضا","مهرانفر","دانیال","1338-12-16","مشهد","96926963920","9895259265","5887259411","خرم آباد، خیابان ملایر، پلاک 51، طبقه9، واحد1","7837189489","65000000","99"
"86","سورنا","مهرانفر","محمود","1325-07-18","ساری","99179686246","8472118448","4855796336","قشم، خیابان مشهد، پلاک 78، طبقه7، واحد1","9847707220","60000000","4"
"87","فاطمه","صبا","آرش","1326-10-26","همدان","24206901897","1559862875","137987602","مشهد، خیابان کرمانشاه، پلاک 86، طبقه6، واحد3","5110902545","65000000","92"
"88","کتایون","طالبی","هیربد","1338-11-07","ملایر","96801299166","9255749315","6562372054","تبریز، خیابان بجنورد، پلاک 21، طبقه2، واحد3","8717233388","60000000","43"
"89","پارسا","علوی","شهرام","1392-06-16","همدان","18873040964","2294979757","8681551440","خرم آباد، خیابان ملایر، پلاک 31، طبقه8، واحد3","8182504518","65000000","69"
"90","یاسمن","مرعشی","باربد","1367-03-22","ایلام","68596510767","7551332166","4457611648","کیش، خیابان قزوین، پلاک 23، طبقه1، واحد2","3899695710","65000000","99"
"91","دیبا","خالو","شهرام","1320-07-19","مشهد","83241505895","7465561967","7239598113","ملایر، خیابان یزد، پلاک 25، طبقه4، واحد4","3476177011","60000000","28"
"92","علی","علوی","شهرام","1325-11-04","اراک","54141283945","3562761372","3670324168","ملایر، خیابان بوشهر، پلاک 90، طبقه6، واحد3","2972421380","65000000","87"
"93","سارا","فدایی","رامین","1342-04-21","سمنان","75998577611","6451700307","2161804033","خرم آباد، خیابان قزوین، پلاک 26، طبقه18، واحد1","9690317071","60000000","42"
"94","رامین","علوی","فرهاد","1345-08-17","مشهد","86914049352","5807069486","608343737","کیش، خیابان خرم آباد، پلاک 20، طبقه16، واحد1","1634716710","50000000","59"
"95","هادی","عقیلی","باربد","1398-02-06","اردبیل","93204070719","3961675411","8121404808","کاشان، خیابان اصفهان، پلاک 117، طبقه11، واحد4","8923930314","65000000","5"
"96","کامران","صبا","امید","1326-12-25","خرم آباد","44552740207","9906465961","2543484253","مشهد، خیابان کاشان، پلاک 110، طبقه4، واحد2","1220906791","60000000","106"
"97","سورنا","مرعشی","داراب","1338-08-03","بیرجند","76751310568","6055876615","7696091992","اراک، خیابان قشم، پلاک 105، طبقه10، واحد3","5050038713","60000000","108"
"98","شهرام","کرمانی","شهرام","1396-01-05","ایلام","37958752387","6642293941","8649494463","بیرجند، خیابان ایلام، پلاک 90، طبقه12، واحد1","9802855394","60000000","101"
"99","شهرام","اربابی","باربد","1395-04-14","هرمزگان","82710621356","2045169536","3297308506","ارومیه، خیابان اصفهان، پلاک 110، طبقه8، واحد2","4972374814","50000000","25"
"100","دریا","کرمانی","کامران","1400-09-10","تبریز","95596392497","3294392886","3790318446","بیرجند، خیابان قشم، پلاک 139، طبقه10، واحد4","9180206829","65000000","51"
"101","کامران","کرابی","دانیال","1391-04-16","کاشان","59125995116","8056364980","3543355441","شوش، خیابان اردبیل، پلاک 89، طبقه18، واحد4","5406051787","60000000","24"
"102","امید","کرابی","پدرام","1371-08-22","همدان","91428361384","1255031618","698700697","ایلام، خیابان اردبیل، پلاک 121، طبقه10، واحد3","7445866893","60000000","21"
"103","شادی","نعیمی","هادی","1338-08-13","اصفهان","32071131857","7335000181","7384502688","شیراز، خیابان کرمان، پلاک 105، طبقه3، واحد1","9585500623","60000000","52"
"104","محمدجواد","کرابی","پدرام","1358-04-02","بجنورد","19909969189","7656406895","210965679","کرمان، خیابان ساری، پلاک 114، طبقه19، واحد2","2428448338","60000000","104"
"105","یاسمن","صبا","کامران","1310-12-10","قشم","97508756465","9894590556","2899932479","ملایر، خیابان تهران، پلاک 7، طبقه16، واحد4","2704558601","60000000","36"
"106","دیبا","میرعباسی","سورنا","1368-02-17","مشهد","93208944280","4878499948","3619146226","شیراز، خیابان ارومیه، پلاک 47، طبقه2، واحد4","9466085248","50000000","27"
"107","شهرام","کرابی","محمود","1381-08-23","اصفهان","67711402659","6608641935","3163644656","بوشهر، خیابان بجنورد، پلاک 66، طبقه1، واحد1","7086716989","50000000","110"
"108","دریا","فرزان","داراب","1390-08-24","قم","12657188294","4994291424","6886596230","ایلام، خیابان سمنان، پلاک 29، طبقه7، واحد2","1844795634","50000000","74"
"109","محمود","خالو","دانیال","1351-10-04","بجنورد","70037841750","8216787500","5889622276","کرمانشاه، خیابان همدان، پلاک 11، طبقه3، واحد2","1170820949","60000000","86"
"110","زویا","نعمتی","حمیدرضا","1381-04-16","تهران","58074465087","5041138012","2018178389","بوشهر، خیابان خرم آباد، پلاک 63، طبقه19، واحد4","4981477044","50000000","110"
"111","زویا","فرزان","محمود","1350-01-08","کرمانشاه","75505071821","9076226617","8787834439","بیرجند، خیابان قزوین، پلاک 64، طبقه6، واحد1","9957712352","50000000","104"
"112","کیانا","ادیبی","امیرپاشا","1381-09-22","ایلام","15569458686","7966920960","5195762398","مشهد، خیابان خرم آباد، پلاک 59، طبقه20، واحد2","8276581962","60000000","35"
"113","باران","عقیلی","آرش","1312-08-10","سمنان","49311360202","7330886642","2425243572","شوش، خیابان بیرجند، پلاک 114، طبقه20، واحد1","1833606942","60000000","71"
"114","دیبا","آریایی","دانیال","1340-05-02","خرم آباد","38478887578","5207958622","5300464655","خرم آباد، خیابان تهران، پلاک 53، طبقه13، واحد3","5251595188","50000000","98"
"115","پارسا","میرعباسی","دانیال","1397-09-06","مشهد","85913429162","7550969720","3831843791","کرمانشاه، خیابان همدان، پلاک 74، طبقه11، واحد3","3641914908","50000000","46"
"116","کتایون","هروی","محمود","1353-11-16","خرم آباد","78977404071","7375590376","4250166474","شوش، خیابان شیراز، پلاک 25، طبقه8، واحد3","1596456101","50000000","29"
"117","کیمیا","تبریزی","پدرام","1358-11-03","بجنورد","98733299939","1809311182","8389043487","تهران، خیابان شوش، پلاک 129، طبقه2، واحد4","9109774992","60000000","41"
"118","پارمیدا","فدایی","شهرام","1369-02-19","بوشهر","46883020476","2583384682","4580020920","کاشان، خیابان سمنان، پلاک 28، طبقه3، واحد3","2048793430","65000000","100"
"119","آریانا","صبا","محمدجواد","1327-09-21","همدان","67160868026","6847970692","4140519877","ملایر، خیابان همدان، پلاک 44، طبقه4، واحد1","7931835984","60000000","8"
"120","علی","ادیبی","هیربد","1388-08-14","مشهد","58182864089","7938512565","3917485666","کیش، خیابان شیراز، پلاک 87، طبقه7، واحد2","5049769978","60000000","77"
"121","امیر","کرابی","هیربد","1380-08-23","کرمان","36647246130","8674586885","5347085696","خوانسار، خیابان ارومیه، پلاک 89، طبقه3، واحد3","3304221899","60000000","82"
"122","سمیرا","رضوی","شهریار","1346-03-19","ایلام","59694854349","4570745839","8498288295","خوانسار، خیابان قشم، پلاک 16، طبقه6، واحد3","8601397078","50000000","92"
"123","هادی","نعمتی","امید","1382-03-23","کرمان","56831584080","9064063928","4460900777","کیش، خیابان بجنورد، پلاک 3، طبقه16، واحد1","5338125733","65000000","103"
"124","رامین","فدایی","هادی","1321-03-03","قم","24751028798","7151909552","1487101141","قشم، خیابان تهران، پلاک 91، طبقه2، واحد3","6328112217","65000000","35"
"125","کتایون","خالو","پدرام","1382-09-21","تهران","40619563079","1667032780","538955466","خرم آباد، خیابان قزوین، پلاک 19، طبقه13، واحد4","5609359989","60000000","94"
"126","بردیا","عقیلی","علی","1379-05-24","قم","55792872486","5240035594","7273400639","کرمان، خیابان شوش، پلاک 23، طبقه13، واحد1","8547009331","65000000","89"
"127","فرهاد","نعیمی","کوروش","1369-11-27","کاشان","88409181736","5554982883","534739194","سمنان، خیابان ساری، پلاک 2، طبقه9، واحد3","9070874223","50000000","80"
"128","حمیدرضا","خالو","شهریار","1397-08-23","اردبیل","70343418650","6284724340","1906366473","ارومیه، خیابان بجنورد، پلاک 101، طبقه5، واحد4","9385154748","60000000","39"
"129","ترانه","فولادی","آرمین","1319-09-04","بیرجند","61983504002","2545894686","6576740076","سمنان، خیابان ملایر، پلاک 30، طبقه4، واحد4","5330043035","60000000","64"
"130","فاطمه","ملایری","سورنا","1321-03-10","بجنورد","62821856000","1696094971","220905690","قم، خیابان بجنورد، پلاک 21، طبقه7، واحد1","3830204377","65000000","1"
"131","دیبا","ملایری","باربد","1358-12-15","کرمانشاه","43141003138","9582894303","960696379","اراک، خیابان بجنورد، پلاک 69، طبقه17، واحد3","1129278875","50000000","43"
"132","امیرپاشا","اربابی","هیربد","1375-03-18","قم","59963892911","4136636593","159252568","ایلام، خیابان تبریز، پلاک 70، طبقه8، واحد1","4595581717","60000000","17"
"133","مریم","فرزان","کوروش","1396-06-27","مشهد","78103332455","6777919684","2423266303","مشهد، خیابان بجنورد، پلاک 83، طبقه8، واحد1","2701049215","65000000","67"
"134","شهرام","مرعشی","پدرام","1310-04-09","ارومیه","78587388423","2796376286","8086287663","کاشان، خیابان سمنان، پلاک 28، طبقه7، واحد3","9691500970","60000000","57"
"135","دریا","فرزانه پور","کوروش","1399-03-24","کرمانشاه","62701988457","5308782433","5278481838","بوشهر، خیابان شیراز، پلاک 7، طبقه18، واحد3","7377021683","50000000","99"
"136","آرمین","ادیبی","فرهاد","1367-02-18","بوشهر","19969944900","4510198680","7785081258","مشهد، خیابان کاشان، پلاک 42، طبقه17، واحد3","6002475809","50000000","54"
"137","سروین","فولادی","پدرام","1370-12-26","یزد","79351308308","6894117234","4456634340","کرمان، خیابان اصفهان، پلاک 118، طبقه20، واحد4","3971481174","65000000","36"
"138","کیانا","میرعباسی","فرهاد","1315-04-18","کاشان","16106134877","4779347107","9880016509","تهران، خیابان اراک، پلاک 97، طبقه15، واحد4","8162281420","60000000","89"
"139","دریا","طیبی","محمود","1389-01-16","اراک","66561851076","4141968495","6623028041","قزوین، خیابان بوشهر، پلاک 141، طبقه20، واحد3","9944176526","65000000","109"
"140","لاله","ملایری","باربد","1345-05-03","شیراز","87987820027","5383610781","254812186","بوشهر، خیابان شیراز، پلاک 34، طبقه4، واحد3","8960578705","65000000","7"
"141","رامین","فرزانه پور","امیرپاشا","1337-08-18","اردبیل","62304689131","6593160837","2433492624","قم، خیابان اردبیل، پلاک 49، طبقه4، واحد1","3549062335","50000000","92"
"142","سمیرا","ملایری","پدرام","1382-07-06","هرمزگان","59744712306","9162059016","5010189243","تبریز، خیابان قم، پلاک 60، طبقه19، واحد1","6291390390","65000000","106"
"143","رامین","میرعباسی","امیر","1338-01-27","کرمانشاه","93585855573","5758362377","3719606503","تبریز، خیابان کرمان، پلاک 133، طبقه3، واحد4","3508503649","60000000","65"
"144","سورنا","بابایی نژاد","دانیال","1311-01-16","تبریز","67264879971","3184216208","1270226687","خرم آباد، خیابان اراک، پلاک 33، طبقه19، واحد2","9992817060","60000000","16"
"145","نازنین","میر","دانیال","1399-07-13","سمنان","76287891470","3401666743","7641367780","کرمان، خیابان قزوین، پلاک 32، طبقه3، واحد3","2366366612","65000000","59"
"146","سارا","صبا","بردیا","1384-01-24","کاشان","99209104635","3681618238","9320359292","کرمان، خیابان خوانسار، پلاک 139، طبقه14، واحد4","5758377817","60000000","99"
"147","داراب","ملایری","محمدجواد","1387-04-24","مشهد","69641828593","6452529536","3473792986","بوشهر، خیابان هرمزگان، پلاک 117، طبقه17، واحد2","7854413250","60000000","39"
"148","لیلی","ادیبی","پارسا","1373-05-01","کرمان","80968485142","8126762152","3538956924","شوش، خیابان قم، پلاک 58، طبقه8، واحد1","9662333442","60000000","51"
"149","آرش","کاووسی","آرمین","1361-09-28","کیش","17794421227","7724876484","2006680189","تبریز، خیابان ایلام، پلاک 98، طبقه17، واحد1","5361266077","50000000","69"
"150","داراب","کامرانی","دانیال","1396-09-24","اصفهان","85123503244","5397551900","8602154380","شوش، خیابان قزوین، پلاک 121، طبقه17، واحد3","5703508999","65000000","109"
"151","کوروش","طالبی","سورنا","1393-09-24","ملایر","95638476219","9345080304","2507200698","اردبیل، خیابان ملایر، پلاک 122، طبقه4، واحد3","1447847292","60000000","52"
"152","یاسمن","علوی","محمود","1337-07-17","یزد","87642051938","5417093854","5651311516","اراک، خیابان شوش، پلاک 86، طبقه15، واحد3","2190925422","65000000","87"
"153","امید","نعمتی","پدرام","1382-07-18","ساری","59102052405","6066128018","5439782953","اصفهان، خیابان تهران، پلاک 134، طبقه11، واحد2","3177211231","60000000","6"
"154","دیبا","هروی","محمدجواد","1358-04-24","اردبیل","16582543871","3683281852","9034213095","کاشان، خیابان کرمانشاه، پلاک 33، طبقه8، واحد4","7729164552","50000000","89"
"155","سورنا","کرمانی","پدرام","1349-05-06","شیراز","60578112336","6630826674","9549663419","اصفهان، خیابان خوانسار، پلاک 19، طبقه2، واحد2","5047188088","60000000","45"
"156","داراب","فرزانه پور","حمیدرضا","1341-02-24","ایلام","35636711681","3297606229","109044164","شیراز، خیابان بجنورد، پلاک 138، طبقه4، واحد2","8610229158","65000000","76"
"157","باران","نعیمی","سورنا","1381-02-18","شوش","64932035363","8029926628","8752848964","خوانسار، خیابان ملایر، پلاک 46، طبقه12، واحد3","1338017742","60000000","40"
"158","کیمیا","فرزان","کامران","1319-02-02","سمنان","99657125972","6962305465","6738234397","ارومیه، خیابان قشم، پلاک 62، طبقه8، واحد4","9426063175","65000000","31"
"159","شادی","کاووسی","کوروش","1361-08-23","شیراز","62557296307","8660771456","1688397774","مشهد، خیابان قزوین، پلاک 133، طبقه1، واحد2","5237296304","60000000","57"
"160","شهریار","میر","داراب","1377-04-07","اردبیل","12774095415","7534807500","4540311848","ارومیه، خیابان قزوین، پلاک 103، طبقه14، واحد4","9909808421","50000000","8"
"161","نازنین","ادیبی","حمیدرضا","1352-09-28","هرمزگان","66044127804","1766826114","3390630506","کرمان، خیابان خرم آباد، پلاک 60، طبقه17، واحد4","9786494471","50000000","3"
"162","دیبا","موتمن","آرش","1358-08-18","بوشهر","64556105943","1667522186","2041511663","خوانسار، خیابان کیش، پلاک 36، طبقه7، واحد3","5876144313","65000000","92"
"163","رامین","اربابی","شهریار","1369-10-19","مشهد","35218749301","6535509314","4072942115","خوانسار، خیابان قشم، پلاک 106، طبقه20، واحد4","7623907143","50000000","44"
"164","فاطمه","مرعشی","بردیا","1383-11-23","خوانسار","31024307423","9800731442","1988353671","ملایر، خیابان قزوین، پلاک 132، طبقه10، واحد3","1519277117","65000000","105"
"165","لیلی","فرزانه پور","حمیدرضا","1344-08-26","شیراز","35332985678","3091826747","9929020376","کرمان، خیابان قزوین، پلاک 96، طبقه19، واحد1","8298593170","50000000","32"
"166","فرهاد","فرزان","محمود","1368-06-18","قشم","70484036571","7750195404","3783826355","اصفهان، خیابان یزد، پلاک 53، طبقه6، واحد3","5056565250","60000000","74"
"167","دیبا","طالبی","امید","1340-01-23","بوشهر","74206237393","8387184567","8036366293","ارومیه، خیابان قم، پلاک 129، طبقه4، واحد3","6219421364","50000000","86"
"168","داراب","فدایی","کوروش","1351-10-04","اردبیل","90467801084","5399891499","2575139895","یزد، خیابان خوانسار، پلاک 131، طبقه1، واحد3","6125779617","50000000","47"
"169","تارا","طالبی","باربد","1315-02-10","یزد","30960785312","9986315117","3731550802","قم، خیابان ایلام، پلاک 25، طبقه14، واحد4","3642602498","50000000","44"
"170","رامین","تبریزی","دانیال","1341-08-03","بوشهر","78478444099","6795101096","9296757756","اردبیل، خیابان تبریز، پلاک 28، طبقه18، واحد4","5362802356","60000000","57"
"171","کیانا","ملایری","محمدجواد","1316-05-25","قزوین","40761532677","1645699368","434278684","ملایر، خیابان مشهد، پلاک 51، طبقه8، واحد2","1329058537","65000000","101"
"172","علی","آریایی","باربد","1313-11-24","کاشان","21412173871","3040966938","8085927982","همدان، خیابان هرمزگان، پلاک 15، طبقه19، واحد2","3919140214","50000000","59"
"173","دانیال","کامرانی","سورنا","1336-04-22","سمنان","89194087991","5496609927","1719392843","اصفهان، خیابان خرم آباد، پلاک 100، طبقه20، واحد2","2124672288","65000000","59"
"174","امید","خالو","حمیدرضا","1379-08-25","تهران","22867651572","8799932624","3880532439","شوش، خیابان ارومیه، پلاک 125، طبقه17، واحد2","6987751251","65000000","60"
"175","دانیال","فرزانه پور","محمدجواد","1340-05-19","همدان","41961960763","6636346341","3803596446","تبریز، خیابان کرمان، پلاک 6، طبقه6، واحد1","7874533720","60000000","55"
"176","محمود","کرمانی","داراب","1395-11-02","مشهد","65047444797","8800166823","8843991410","خوانسار، خیابان ساری، پلاک 83، طبقه1، واحد1","7741868704","65000000","71"
"177","زویا","صبا","کوروش","1317-02-20","قم","16502338195","1813797365","5387603322","کرمانشاه، خیابان شوش، پلاک 80، طبقه15، واحد4","7580153791","60000000","72"
"178","سارا","هروی","امید","1351-07-16","خوانسار","44731497731","7810023526","7233332181","تهران، خیابان ساری، پلاک 102، طبقه16، واحد4","5553195775","60000000","106"
"179","آریانا","صبا","علی","1330-04-21","بجنورد","28659237862","3941409072","6899822202","اردبیل، خیابان خوانسار، پلاک 105، طبقه8، واحد4","7273639318","65000000","50"
"180","کیمیا","خالو","کوروش","1372-02-18","ساری","44471370905","6941711456","7147257936","ملایر، خیابان ایلام، پلاک 26، طبقه12، واحد2","5879476770","50000000","107"
"181","شهریار","مرعشی","آرش","1313-08-11","ملایر","78610052047","6267116133","5211357793","تبریز، خیابان سمنان، پلاک 98، طبقه12، واحد1","6588162679","60000000","62"
"182","امیرپاشا","ادیبی","دانیال","1397-08-03","اردبیل","19480222678","6751508424","6221270721","خوانسار، خیابان شیراز، پلاک 122، طبقه4، واحد1","6898972488","65000000","68"
"183","سمانه","تبریزی","پارسا","1337-02-26","کیش","60447797239","6979203279","8087874856","قشم، خیابان کاشان، پلاک 132، طبقه8، واحد2","6729857338","50000000","48"
"184","مریم","مهرانفر","شهریار","1372-04-12","مشهد","33900056002","1313204866","7326604740","بجنورد، خیابان اصفهان، پلاک 7، طبقه7، واحد4","2248028918","50000000","7"
"185","فرهاد","میرعباسی","رامین","1388-08-07","قشم","22552681399","7441306884","7157059705","تبریز، خیابان شیراز، پلاک 78، طبقه16، واحد2","6822080267","65000000","23"
"186","شادی","نعمتی","فرهاد","1383-07-05","مشهد","45436500617","8815869183","4418090681","تهران، خیابان مشهد، پلاک 52، طبقه20، واحد4","3273391924","60000000","76"
"187","هیربد","تهرانی","دانیال","1316-10-05","ایلام","60817923304","4923005364","8837253497","خرم آباد، خیابان قشم، پلاک 12، طبقه16، واحد1","5155459166","65000000","43"
"188","یاسمن","مهرانفر","امیر","1338-01-18","قشم","72822971006","5936591894","7952801982","یزد، خیابان کرمانشاه، پلاک 128، طبقه17، واحد1","1454037886","50000000","61"
"189","محمود","طالبی","رامین","1329-06-04","ارومیه","32565407851","9771082840","5639227220","کرمان، خیابان همدان، پلاک 20، طبقه12، واحد2","3735221237","50000000","26"
"190","نازنین","مرعشی","شهرام","1369-01-17","اراک","80355992906","5023652727","230138366","ایلام، خیابان بوشهر، پلاک 28، طبقه6، واحد4","3124106274","60000000","46"
"191","حمیدرضا","کرمانی","علی","1322-04-23","کرمانشاه","94592108832","1688550498","6670362700","قم، خیابان یزد، پلاک 80، طبقه14، واحد1","6872900963","65000000","6"
"192","سمانه","هروی","شهرام","1325-10-21","قشم","92511731353","9121312056","9122086278","یزد، خیابان خرم آباد، پلاک 65، طبقه6، واحد3","6539343074","50000000","101"
"193","باربد","کاووسی","رامین","1390-12-01","اصفهان","87311509610","7115202793","7432527530","شیراز، خیابان کاشان، پلاک 90، طبقه15، واحد3","5045972778","50000000","26"
"194","پارمیدا","فدایی","امید","1376-11-03","قزوین","87918595009","1687657141","5506860127","شوش، خیابان بجنورد، پلاک 130، طبقه17، واحد4","2531464040","60000000","44"
"195","کامران","عقیلی","بردیا","1384-06-09","اراک","61703379722","6035674072","4589370043","اردبیل، خیابان بیرجند، پلاک 128، طبقه20، واحد2","5053496534","60000000","53"
"196","رامین","آریایی","پدرام","1363-06-28","ساری","59447676807","6287508368","2386149210","ملایر، خیابان بجنورد، پلاک 29، طبقه14، واحد1","8619551930","60000000","99"
"197","زویا","مهرانفر","شهریار","1326-06-25","شیراز","65638107228","2529919412","4328733802","قزوین، خیابان اردبیل، پلاک 116، طبقه9، واحد1","9490944997","50000000","92"
"198","بردیا","تهرانی","محمود","1394-09-02","کیش","50955689083","2806608671","9396718148","کرمان، خیابان یزد، پلاک 36، طبقه5، واحد2","6196360638","65000000","56"
"199","حمیدرضا","نعمتی","آرمین","1311-06-11","بیرجند","59620737828","1410659274","3156145007","اراک، خیابان ارومیه، پلاک 59، طبقه18، واحد3","7640163822","60000000","94"
"200","لاله","اربابی","شهرام","1350-08-20","همدان","65663146798","5110646154","2929999443","اصفهان، خیابان شیراز، پلاک 33، طبقه4، واحد1","6966660456","60000000","55"
"201","داراب","میرعباسی","فرهاد","1330-03-18","شوش","63594871549","1561767374","2883537099","کاشان، خیابان ساری، پلاک 100، طبقه17، واحد4","2325591875","50000000","62"
"202","بردیا","اربابی","بردیا","1342-10-14","قم","95994478389","8636670244","8786429364","ساری، خیابان شوش، پلاک 134، طبقه7، واحد2","9322432623","50000000","2"
"203","نازنین","کامرانی","آرش","1396-08-11","مشهد","72976621381","8231515921","2493866784","اراک، خیابان کیش، پلاک 99، طبقه13، واحد4","2780765192","65000000","82"
"204","پارسا","کاووسی","پدرام","1349-11-10","کاشان","23964672550","7792218658","1675184396","مشهد، خیابان اصفهان، پلاک 125، طبقه20، واحد2","9158699121","50000000","65"
"205","ترانه","میرعباسی","محمود","1381-09-01","بوشهر","74778738786","1696844374","5190669260","اصفهان، خیابان اصفهان، پلاک 46، طبقه14، واحد1","7083384444","50000000","22"
"206","رامین","علوی","آرمین","1385-03-07","بیرجند","79749184504","7992968793","3886663847","هرمزگان، خیابان کرمانشاه، پلاک 24، طبقه15، واحد2","9225847201","65000000","10"
"207","فاطمه","ستوده","محمدجواد","1331-12-08","ایلام","70010326797","4580184078","4098079350","اردبیل، خیابان قشم، پلاک 58، طبقه6، واحد1","2856395368","60000000","1"
"208","علی","نعمتی","پارسا","1329-01-13","شوش","27305736466","3678702352","2365625049","سمنان، خیابان کیش، پلاک 99، طبقه13، واحد1","5251790208","50000000","13"
"209","نازنین","کرابی","هادی","1383-04-03","ارومیه","60301146257","1702044989","9562897492","بیرجند، خیابان همدان، پلاک 25، طبقه6، واحد4","1874477782","65000000","24"
"210","کتایون","ادیبی","حمیدرضا","1370-12-13","مشهد","29787673613","9863466813","227613875","کرمان، خیابان تهران، پلاک 54، طبقه7، واحد2","8073591703","50000000","82"
"211","امید","اربابی","محمدجواد","1352-12-01","خوانسار","85767672760","3482921626","1378082390","خوانسار، خیابان اردبیل، پلاک 3، طبقه17، واحد1","1994638222","60000000","46"
"212","سمیرا","ستوده","پدرام","1341-09-23","کرمانشاه","91407444066","7325962284","5633265456","بوشهر، خیابان خوانسار، پلاک 98، طبقه4، واحد1","8031227708","50000000","91"
"213","رامین","فدایی","شهریار","1364-01-21","مشهد","24627497592","2244890486","7149593552","کاشان، خیابان قزوین، پلاک 50، طبقه19، واحد2","4886559206","65000000","104"
"214","دانیال","موتمن","پدرام","1372-04-24","بوشهر","61077338743","2510830165","9009741171","قزوین، خیابان ایلام، پلاک 15، طبقه15، واحد4","5190701188","65000000","25"
"215","کامران","عقیلی","بردیا","1343-11-19","خرم آباد","74528750847","2316590817","3707947161","ملایر، خیابان کیش، پلاک 21، طبقه16، واحد3","8416097992","50000000","65"
"216","علی","ستوده","کامران","1338-07-03","اردبیل","62576304067","6195302751","6788749313","کاشان، خیابان کرمان، پلاک 90، طبقه16، واحد2","5375226971","50000000","2"
"217","کوروش","رضوی","امیر","1315-07-24","تبریز","89350160349","3430373640","6954791597","مشهد، خیابان اصفهان، پلاک 49، طبقه5، واحد3","4754950906","50000000","26"
"218","زویا","نعمتی","دانیال","1391-12-08","اردبیل","48057895392","6360579393","5882905047","شوش، خیابان اراک، پلاک 80، طبقه2، واحد4","5411666447","50000000","90"
"219","دانیال","علوی","هیربد","1356-10-20","مشهد","29534591424","7635708921","1585891537","خوانسار، خیابان اصفهان، پلاک 121، طبقه9، واحد4","3304913271","65000000","56"
"220","سحر","هروی","امید","1397-10-24","تهران","22192697077","6216754828","3738818072","ساری، خیابان هرمزگان، پلاک 95، طبقه19، واحد2","4693438106","60000000","42"
"221","علی","آریایی","شهرام","1393-06-16","بیرجند","68076671002","6428880911","8812652464","سمنان، خیابان خوانسار، پلاک 134، طبقه3، واحد1","6651527905","65000000","10"
"222","باران","مهرانفر","محمود","1334-09-27","تهران","34224343145","1982050911","2107453012","ایلام، خیابان ایلام، پلاک 27، طبقه6، واحد3","3401538415","60000000","73"
"223","پارسا","خالو","کامران","1349-08-15","بجنورد","29821594066","7359735303","37381767","خرم آباد، خیابان تبریز، پلاک 46، طبقه4، واحد3","2405740459","60000000","38"
"224","کیمیا","ملایری","آرش","1312-04-08","بوشهر","48386691710","7525498828","3230855720","قشم، خیابان بجنورد، پلاک 28، طبقه17، واحد1","4708093250","65000000","47"
"225","باران","کاووسی","امید","1359-08-11","کیش","15762184977","7650803121","8222250147","بوشهر، خیابان هرمزگان، پلاک 85، طبقه3، واحد2","1173318060","60000000","40"
"226","پارمیدا","نعمتی","محمود","1321-05-25","یزد","94792943758","4887878675","2564220096","کرمانشاه، خیابان کاشان، پلاک 15، طبقه10، واحد4","6752927384","50000000","55"
"227","محمدجواد","اربابی","سورنا","1349-04-19","بجنورد","15014785739","6460262473","5103543871","ملایر، خیابان اردبیل، پلاک 53، طبقه19، واحد4","9910454341","50000000","43"
"228","دانیال","ستوده","داراب","1311-09-19","ملایر","70302489522","4010839414","7381118475","قم، خیابان تبریز، پلاک 75، طبقه6، واحد4","7363063032","60000000","4"
"229","فاطمه","رضوی","شهریار","1372-04-21","بیرجند","46181886280","1690607835","8538049457","ملایر، خیابان بوشهر، پلاک 92، طبقه2، واحد2","9440708735","60000000","93"
"230","کیانا","کرابی","هادی","1311-02-10","خوانسار","48714111715","7869928904","9518064176","کرمانشاه، خیابان اردبیل، پلاک 62، طبقه12، واحد2","9771869470","50000000","25"
"231","پارمیدا","هروی","امیر","1385-11-08","تبریز","86973516884","8663059925","653650108","کیش، خیابان قزوین، پلاک 120، طبقه8، واحد2","6505604006","50000000","89"
"232","سروین","تهرانی","حمیدرضا","1373-11-11","ملایر","75414192086","9483199775","1768884806","بجنورد، خیابان بوشهر، پلاک 147، طبقه18، واحد2","5983534991","50000000","36"
"233","شهریار","علوی","هیربد","1384-10-09","هرمزگان","98400524382","5262083250","5563426149","خوانسار، خیابان ارومیه، پلاک 36، طبقه8، واحد2","7067596074","50000000","15"
"234","کامران","کرابی","محمدجواد","1316-08-24","کیش","85600935847","7221755789","8732784195","خوانسار، خیابان قزوین، پلاک 133، طبقه11، واحد1","4927180667","50000000","40"
"235","دریا","ملایری","محمدجواد","1325-07-17","بجنورد","75038699804","4225647835","1298022250","شیراز، خیابان تهران، پلاک 141، طبقه5، واحد2","9865326950","50000000","76"
"236","کیانا","کرمانی","محمدجواد","1353-06-04","کرمانشاه","40010584839","2604671967","861137969","تهران، خیابان بیرجند، پلاک 54، طبقه2، واحد2","5750645962","50000000","32"
"237","هیربد","ملایری","داراب","1316-01-23","همدان","83033128462","7293135270","6025733926","همدان، خیابان کاشان، پلاک 62، طبقه4، واحد2","7710158952","50000000","88"
"238","هیربد","خالو","فرهاد","1352-12-21","اصفهان","76238404148","4883876089","8847235974","یزد، خیابان سمنان، پلاک 15، طبقه12، واحد3","3188703254","50000000","18"
"239","بردیا","مرعشی","محمدجواد","1329-05-13","کاشان","60640252897","5187039931","3716669190","اصفهان، خیابان ارومیه، پلاک 135، طبقه8، واحد3","5382843659","50000000","66"
"240","هیربد","هروی","رامین","1389-11-19","ارومیه","81910344649","2785650384","2963196328","بوشهر، خیابان قزوین، پلاک 46، طبقه12، واحد3","2885475329","50000000","45"
"241","باران","علوی","رامین","1390-04-12","مشهد","73856278206","9375031284","8391449561","ارومیه، خیابان مشهد، پلاک 122، طبقه13، واحد2","6561661248","50000000","8"
"242","پارسا","اربابی","داراب","1369-05-10","هرمزگان","42979490965","9623994453","2656302199","هرمزگان، خیابان اصفهان، پلاک 50، طبقه17، واحد2","8351006985","65000000","50"
"243","سروین","مهرانفر","داراب","1378-05-08","کرمانشاه","27519123701","9261950848","4106934119","ساری، خیابان خرم آباد، پلاک 15، طبقه19، واحد2","7143206038","50000000","56"
"244","امیرپاشا","مهرانفر","امیر","1374-07-05","خرم آباد","92658093402","4402363452","185808489","یزد، خیابان قزوین، پلاک 70، طبقه6، واحد2","6457734658","65000000","5"
"245","فاطمه","موتمن","کامران","1360-09-14","خرم آباد","25031632812","1147076017","9489995252","بجنورد، خیابان ایلام، پلاک 17، طبقه7، واحد1","2672850011","60000000","92"
"246","یاسمن","کامرانی","امیر","1312-04-25","قم","91912975764","3563913626","2421789960","اصفهان، خیابان تبریز، پلاک 88، طبقه5، واحد1","1244356279","60000000","90"
"247","فاطمه","بابایی نژاد","امید","1312-10-09","ارومیه","13327565775","6778026922","4329624362","قزوین، خیابان کرمانشاه، پلاک 58، طبقه16، واحد2","4484361578","65000000","51"
"248","نیلوفر","صبا","امیرپاشا","1374-05-18","اراک","53461090465","9209365858","1496378138","قشم، خیابان ارومیه، پلاک 127، طبقه19، واحد4","9358036778","65000000","63"
"249","آرمین","میرعباسی","کامران","1343-11-03","ملایر","59299309003","7459890915","5016235083","کیش، خیابان ساری، پلاک 96، طبقه13، واحد1","3834956696","60000000","42"
"250","هادی","موتمن","شهرام","1385-12-25","خوانسار","93479050798","1315907780","410855073","مشهد، خیابان ایلام، پلاک 91، طبقه9، واحد3","9981303039","65000000","10"
