"id","first_name","last_name","father_name","date_of_birth","place_of_birth","phone_number","national_code","identification_number","address","postal_code"
"1","مریم","فرزانه پور","شهرام","1370-12-21","اصفهان","39850029943","8486426813","9728502390","بوشهر، خیابان قشم، پلاک 65، طبقه17، واحد4","7616768473"
"2","لاله","خالو","کامران","1351-03-27","شوش","12969065499","5862921933","3282559945","شوش، خیابان تهران، پلاک 51، طبقه12، واحد4","5813029667"
"3","لاله","موتمن","شهریار","1388-08-04","بجنورد","41503532129","6734074897","7591647063","اردبیل، خیابان هرمزگان، پلاک 141، طبقه12، واحد4","8291160860"
"4","کتایون","مهرانفر","هیربد","1370-05-17","ملایر","16268403736","3464604522","287175180","ارومیه، خیابان بجنورد، پلاک 43، طبقه9، واحد1","6103707247"
"5","پارمیدا","نعیمی","امیرپاشا","1332-05-08","قم","70619293470","3392970341","9015557808","اردبیل، خیابان کیش، پلاک 12، طبقه19، واحد4","9626504683"
"6","لاله","مهرانفر","دانیال","1360-03-27","قزوین","94517223926","3593955975","123310072","قشم، خیابان خوانسار، پلاک 2، طبقه9، واحد2","7723254620"
"7","یاسمن","فدایی","شهریار","1321-07-18","یزد","86420352897","3959318813","6111070561","ساری، خیابان تهران، پلاک 28، طبقه19، واحد2","7556201658"
"8","هادی","مرعشی","امیر","1340-12-21","ساری","66476823282","7812495331","6926003152","کاشان، خیابان بوشهر، پلاک 85، طبقه19، واحد4","1943866697"
"9","باران","تبریزی","سورنا","1381-01-06","کرمان","55734559870","3824494149","438175887","هرمزگان، خیابان تبریز، پلاک 102، طبقه20، واحد2","9739405843"
"10","فرهاد","نعیمی","آرمین","1352-11-16","شوش","40274311858","9628855672","5538640407","بجنورد، خیابان مشهد، پلاک 76، طبقه13، واحد2","2066317540"
"11","محمدجواد","هروی","علی","1368-01-02","قشم","53986204951","8798956304","7126839687","قشم، خیابان سمنان، پلاک 54، طبقه11، واحد4","6117233668"
"12","محمود","میرعباسی","داراب","1388-10-12","یزد","89208708085","9652783959","1746169557","ملایر، خیابان خوانسار، پلاک 96، طبقه3، واحد1","6176119111"
"13","داراب","ادیبی","فرهاد","1398-10-12","اردبیل","91985248392","5572569623","7636961496","ایلام، خیابان مشهد، پلاک 8، طبقه13، واحد2","4278371393"
"14","تارا","فرزان","هیربد","1310-11-17","اصفهان","76727742470","1981033673","7766485984","هرمزگان، خیابان خوانسار، پلاک 76، طبقه5، واحد2","6385666877"
"15","تارا","بابایی نژاد","شهریار","1341-07-14","قشم","48274810988","3410080755","9549356124","ملایر، خیابان کاشان، پلاک 7، طبقه13، واحد2","7641773791"
"16","پارمیدا","طیبی","دانیال","1385-10-14","اردبیل","20077102078","6205337424","7917987268","کاشان، خیابان هرمزگان، پلاک 98، طبقه13، واحد2","6012181519"
"17","دریا","میر","محمدجواد","1344-02-02","تبریز","29429346109","7934702634","1179492266","کرمان، خیابان سمنان، پلاک 48، طبقه4، واحد2","4590798003"
"18","باران","طالبی","فرهاد","1325-10-13","ملایر","28295513599","3914024709","7723804592","کیش، خیابان اردبیل، پلاک 106، طبقه17، واحد4","5540447636"
"19","امیرپاشا","تبریزی","آرمین","1328-04-17","بجنورد","70951850333","2234135285","3805433095","اردبیل، خیابان اردبیل، پلاک 20، طبقه7، واحد4","4063119134"
"20","کیانا","اربابی","فرهاد","1342-10-21","اردبیل","88153025225","9477283992","6023692572","کیش، خیابان خرم آباد، پلاک 74، طبقه8، واحد1","3542385983"
"21","مریم","عقیلی","حمیدرضا","1336-04-23","بجنورد","71131941126","3674899849","3443505996","قشم، خیابان کیش، پلاک 7، طبقه7، واحد1","6572424244"
"22","باربد","نعمتی","امیر","1374-11-10","ایلام","88981017817","7805345170","7308222856","یزد، خیابان یزد، پلاک 41، طبقه18، واحد4","6496396023"
"23","شهریار","فرزان","دانیال","1397-01-08","سمنان","48077666607","6718690834","126323536","تبریز، خیابان کیش، پلاک 64، طبقه9، واحد3","1379037542"
"24","کیانا","مهرانفر","سورنا","1311-10-23","قشم","75638133283","1750792329","7392415711","ارومیه، خیابان قم، پلاک 6، طبقه20، واحد3","8605806686"
"25","داراب","میرعباسی","کوروش","1310-06-25","ارومیه","57737449475","9500219705","3195575036","همدان، خیابان سمنان، پلاک 120، طبقه6، واحد4","6298366800"
"26","رامین","فرزان","کوروش","1320-06-25","تهران","74604514582","3688242998","2611726393","شوش، خیابان قم، پلاک 29، طبقه17، واحد1","4076122207"
"27","محمدجواد","تبریزی","بردیا","1380-02-28","بیرجند","18081217824","5729806293","1306201337","یزد، خیابان بیرجند، پلاک 66، طبقه9، واحد3","2124230318"
"28","مریم","مهرانفر","محمود","1383-03-20","کیش","41517027541","3901489928","6522822888","تهران، خیابان ایلام، پلاک 85، طبقه19، واحد3","8373073465"
"29","داراب","ادیبی","کامران","1335-12-15","یزد","15911634208","8495733534","1640726456","اصفهان، خیابان ملایر، پلاک 129، طبقه9، واحد3","4302577572"
"30","سحر","نعمتی","پدرام","1357-09-20","کیش","56882429969","5197509776","4304543294","ایلام، خیابان اصفهان، پلاک 118، طبقه13، واحد3","1625710113"
"31","سورنا","فرزانه پور","شهرام","1356-12-20","سمنان","41803255358","4270321901","3679699963","قزوین، خیابان ارومیه، پلاک 16، طبقه19، واحد4","9932264922"
"32","هادی","میر","فرهاد","1351-11-07","مشهد","61608125732","1905337123","4341174233","همدان، خیابان همدان، پلاک 54، طبقه5، واحد4","3605091492"
"33","رامین","فدایی","محمود","1367-05-15","ساری","76790206674","1137626692","2812463102","شیراز، خیابان هرمزگان، پلاک 80، طبقه6، واحد1","9966080647"
"34","سمیرا","اربابی","حمیدرضا","1373-09-23","اصفهان","12455197104","6424692416","2898516212","کرمان، خیابان بیرجند، پلاک 90، طبقه3، واحد1","1562941789"
"35","سروین","آریایی","پارسا","1377-12-27","اصفهان","45608839183","1630360548","3899084040","تهران، خیابان ساری، پلاک 137، طبقه6، واحد3","2779433794"
"36","هادی","ملایری","آرمین","1400-03-06","خوانسار","41389666887","4585713307","7827750072","شیراز، خیابان بیرجند، پلاک 73، طبقه3، واحد2","5475584595"
"37","محمدجواد","مهرانفر","دانیال","1338-12-11","قزوین","52694783337","1782715602","7825962791","همدان، خیابان ملایر، پلاک 4، طبقه16، واحد4","9559883551"
"38","بیتا","ستوده","آرش","1385-11-17","همدان","46349629033","7844707840","6692150202","قم، خیابان اراک، پلاک 146، طبقه12، واحد1","9921671803"
"39","دیبا","ادیبی","کامران","1377-08-13","خوانسار","87653970756","8137697034","8485880761","کاشان، خیابان شوش، پلاک 61، طبقه5، واحد2","3451044524"
"40","شهریار","میرعباسی","امیر","1380-09-01","هرمزگان","63129987264","4038088211","6713882980","اردبیل، خیابان مشهد، پلاک 81، طبقه17، واحد2","7327157847"
"41","فاطمه","طیبی","باربد","1391-09-25","همدان","79497613332","2997660012","5268168691","ایلام، خیابان همدان، پلاک 36، طبقه15، واحد2","9432724690"
"42","هیربد","علوی","رامین","1347-11-24","ساری","16907967115","5808125834","5986944131","تهران، خیابان تبریز، پلاک 53، طبقه2، واحد2","1381658900"
"43","آریانا","هروی","حمیدرضا","1324-12-19","تبریز","33167409004","7289420653","2625630904","مشهد، خیابان همدان، پلاک 24، طبقه7، واحد4","2409189382"
"44","فاطمه","نعمتی","کامران","1329-12-11","ایلام","88949965533","3632775655","4982126754","کرمانشاه، خیابان ایلام، پلاک 103، طبقه15، واحد3","4480745260"
"45","کامران","فرزانه پور","حمیدرضا","1327-11-25","خوانسار","72734822955","2375383988","4926598819","کرمان، خیابان خرم آباد، پلاک 136، طبقه20، واحد3","2645439890"
"46","پارمیدا","رضوی","باربد","1375-01-03","یزد","82762099817","9818549579","3381525554","کاشان، خیابان اراک، پلاک 76، طبقه16، واحد4","3358743278"
"47","یاسمن","عقیلی","کوروش","1343-06-28","بیرجند","85619122515","1254567878","6399614651","یزد، خیابان کرمان، پلاک 43، طبقه2، واحد3","6539819082"
"48","ترانه","اربابی","شهریار","1386-09-24","بجنورد","54753893497","6038223292","4989558829","اراک، خیابان قم، پلاک 8، طبقه17، واحد4","7188948599"
"49","کوروش","کرابی","بردیا","1391-02-19","بجنورد","20731934988","8223062121","4330938683","مشهد، خیابان اصفهان، پلاک 107، طبقه5، واحد3","7551596957"
"50","شهریار","نعیمی","محمود","1363-12-03","خوانسار","76862358238","2030994120","1491259237","قزوین، خیابان قشم، پلاک 13، طبقه12، واحد1","4152303431"
"51","محمدجواد","کاووسی","محمود","1313-06-03","کرمانشاه","46717627097","4190975738","9002784740","ارومیه، خیابان شوش، پلاک 34، طبقه3، واحد2","4914859965"
"52","فرهاد","کرمانی","هادی","1400-06-28","اردبیل","75626352481","7046972699","1282580623","ارومیه، خیابان خرم آباد، پلاک 98، طبقه20، واحد1","3399801043"
"53","سحر","موتمن","آرش","1374-06-10","قزوین","74077560599","2933366109","4994729088","ارومیه، خیابان مشهد، پلاک 1، طبقه1، واحد4","2513517350"
"54","کیمیا","فدایی","داراب","1316-08-18","شیراز","63553323876","9750199274","7454053384","اصفهان، خیابان اراک، پلاک 68، طبقه18، واحد4","9038421357"
"55","باربد","میر","کوروش","1401-12-20","ملایر","27016111857","4244549156","2105383089","مشهد، خیابان سمنان، پلاک 126، طبقه18، واحد3","5626805190"
"56","سمانه","مهرانفر","پدرام","1355-06-20","همدان","89163607896","6632696512","4228686439","مشهد، خیابان ساری، پلاک 62، طبقه18، واحد3","6687381733"
"57","دیبا","نعیمی","دانیال","1341-02-22","مشهد","14592975076","5969182937","6885476374","بجنورد، خیابان اراک، پلاک 71، طبقه16، واحد3","7550095895"
"58","پارسا","علوی","پدرام","1393-01-07","بیرجند","26819897268","7613787821","7549081904","ایلام، خیابان بیرجند، پلاک 90، طبقه1، واحد1","1932442448"
"59","دیبا","ستوده","سورنا","1323-03-08","کرمان","53962073962","6027827121","7309385335","خرم آباد، خیابان ساری، پلاک 44، طبقه5، واحد1","6633882087"
"60","کیمیا","نعمتی","شهریار","1391-01-17","قشم","58892416272","3423659868","7029487719","کیش، خیابان بوشهر، پلاک 117، طبقه19، واحد2","1661705031"
"61","امیر","آریایی","پارسا","1335-06-25","هرمزگان","41389785325","3087498360","7761221486","ساری، خیابان سمنان، پلاک 128، طبقه11، واحد4","3186376482"
"62","نازنین","عقیلی","محمود","1393-11-25","کیش","93951546691","7116792109","3738554438","بجنورد، خیابان کاشان، پلاک 115، طبقه13، واحد1","2353034005"
"63","سمیرا","تبریزی","کوروش","1356-01-02","اصفهان","56081049469","3442039002","4516840709","ارومیه، خیابان ارومیه، پلاک 25، طبقه11، واحد4","7655367648"
"64","محمود","میر","امیرپاشا","1367-11-21","همدان","90608596988","6085171582","3512337020","خوانسار، خیابان بجنورد، پلاک 61، طبقه17، واحد1","5527685194"
"65","علی","تهرانی","کوروش","1389-04-02","سمنان","64645481036","7981975213","1188028531","ایلام، خیابان مشهد، پلاک 44، طبقه1، واحد2","2625368839"
"66","سحر","عقیلی","علی","1360-11-10","بیرجند","31355372332","2215137630","161278500","ارومیه، خیابان شوش، پلاک 115، طبقه12، واحد1","4014617311"
"67","فرهاد","تهرانی","کوروش","1330-04-23","شیراز","69796157609","8765234009","7587921924","تبریز، خیابان قزوین، پلاک 75، طبقه12، واحد3","3064995858"
"68","یاسمن","خالو","پدرام","1358-12-28","کیش","69219656602","2423061492","7622591234","اردبیل، خیابان بوشهر، پلاک 139، طبقه7، واحد2","5085690445"
"69","سروین","طالبی","هیربد","1339-12-04","مشهد","45554961598","2032275054","9782974212","شیراز، خیابان بیرجند، پلاک 47، طبقه4، واحد2","3664703476"
"70","حمیدرضا","موتمن","امیرپاشا","1331-12-11","ایلام","35471669077","7135953732","2427097107","خرم آباد، خیابان کرمان، پلاک 145، طبقه2، واحد3","6179549583"
"71","زویا","رضوی","پارسا","1352-05-20","قم","88597075298","9068178800","7964602861","همدان، خیابان اراک، پلاک 5، طبقه4، واحد4","6062574626"
"72","کوروش","طالبی","شهریار","1365-07-23","اراک","21037947914","2007063702","9717798822","ساری، خیابان بوشهر، پلاک 4، طبقه6، واحد3","6202110887"
"73","باران","میر","باربد","1387-03-10","سمنان","21568843039","7085906833","2727854958","قشم، خیابان شوش، پلاک 49، طبقه11، واحد3","9203530154"
"74","نازنین","میر","کامران","1368-07-13","شیراز","31260751530","8446724911","7572709360","ملایر، خیابان خرم آباد، پلاک 118، طبقه18، واحد4","2325156452"
"75","سورنا","خالو","علی","1313-12-17","کرمان","36229345576","5555342387","4580370323","بوشهر، خیابان ایلام، پلاک 103، طبقه15، واحد3","9224735455"
"76","لاله","فرزانه پور","امیر","1380-11-24","کیش","73405430088","5892979942","7161803254","یزد، خیابان اردبیل، پلاک 121، طبقه19، واحد4","1694911071"
"77","آریانا","ملایری","کامران","1359-03-21","بجنورد","54360655907","6507489660","2325852497","ایلام، خیابان اردبیل، پلاک 135، طبقه9، واحد4","3338658697"
"78","دریا","میر","داراب","1336-11-09","قزوین","83024655513","3877338149","1788781758","همدان، خیابان شوش، پلاک 90، طبقه15، واحد4","1173308192"
"79","کامران","ستوده","حمیدرضا","1367-01-13","شوش","21768117890","3824758180","2307196425","همدان، خیابان شوش، پلاک 23، طبقه12، واحد3","6724980420"
"80","ترانه","کرابی","محمدجواد","1372-09-12","ملایر","80859918872","1657450390","4197355372","ساری، خیابان ساری، پلاک 130، طبقه15، واحد2","5204076640"
"81","سمیرا","ادیبی","امیرپاشا","1383-08-23","خرم آباد","96239130343","6015305457","5979148541","بوشهر، خیابان ساری، پلاک 31، طبقه15، واحد2","9191240567"
"82","دانیال","کامرانی","فرهاد","1328-10-03","ساری","89343867222","7147841159","6783074274","شیراز، خیابان هرمزگان، پلاک 105، طبقه16، واحد4","8732963080"
"83","محمدجواد","علوی","محمدجواد","1396-03-07","ساری","44966723584","8528682468","2727730116","قزوین، خیابان خوانسار، پلاک 44، طبقه4، واحد2","3343153195"
"84","لیلی","فدایی","باربد","1360-05-04","شوش","28982149435","4488105532","1726442738","خوانسار، خیابان همدان، پلاک 132، طبقه9، واحد1","2523172597"
"85","سورنا","آریایی","پدرام","1337-04-03","اردبیل","78336119968","1576961138","5690845903","کرمان، خیابان همدان، پلاک 95، طبقه4، واحد1","3261668066"
"86","پارسا","صبا","امید","1358-06-03","قم","20644195611","3092606937","6257587107","هرمزگان، خیابان تبریز، پلاک 149، طبقه7، واحد4","8958484963"
"87","ترانه","فولادی","فرهاد","1393-02-16","کاشان","32999075278","3713965458","8898172525","مشهد، خیابان ساری، پلاک 96، طبقه14، واحد2","8580418602"
"88","باران","کاووسی","شهرام","1352-10-13","همدان","90111265837","9708934099","1824784358","مشهد، خیابان بجنورد، پلاک 134، طبقه20، واحد2","4271001387"
"89","رامین","خالو","کوروش","1368-07-15","تبریز","20860469203","6966394318","1207688129","ملایر، خیابان کیش، پلاک 101، طبقه11، واحد1","3517293161"
"90","آریانا","مرعشی","حمیدرضا","1383-04-27","یزد","31810081966","4750222869","3547525989","خوانسار، خیابان شوش، پلاک 25، طبقه7، واحد1","9825497999"
"91","باران","میرعباسی","باربد","1392-12-01","سمنان","20052532108","1680776414","1131161256","قم، خیابان اصفهان، پلاک 131، طبقه4، واحد2","4136204054"
"92","علی","صبا","رامین","1363-05-28","خوانسار","45555437825","8573352543","7394330478","قشم، خیابان قشم، پلاک 48، طبقه11، واحد1","1168842596"
"93","سمیرا","فرزان","بردیا","1339-03-27","ملایر","83201556501","9219144507","8798977359","کرمان، خیابان شوش، پلاک 20، طبقه12، واحد2","8609801399"
"94","حمیدرضا","خالو","امید","1367-01-10","سمنان","25352574833","3916042171","3359836555","تهران، خیابان یزد، پلاک 48، طبقه4، واحد1","1541975734"
"95","شهرام","اربابی","شهرام","1311-12-26","ملایر","14314540508","6319244742","5688255705","ساری، خیابان هرمزگان، پلاک 67، طبقه10، واحد2","7494943432"
"96","دانیال","رضوی","علی","1338-07-26","مشهد","38577877838","1276222409","9902920667","سمنان، خیابان ارومیه، پلاک 88، طبقه19، واحد4","1084440566"
"97","علی","ادیبی","امید","1326-11-04","اصفهان","76369079802","6715932750","6602645563","یزد، خیابان قشم، پلاک 101، طبقه10، واحد4","9936201641"
"98","داراب","تبریزی","کوروش","1362-05-13","کرمان","51874931196","2746201769","7441533185","تبریز، خیابان بوشهر، پلاک 98، طبقه9، واحد1","3668065709"
"99","محمدجواد","کامرانی","امیرپاشا","1398-03-26","بوشهر","14440200876","6658407058","6212926697","خرم آباد، خیابان کرمانشاه، پلاک 119، طبقه16، واحد3","8678520030"
"100","فاطمه","کامرانی","امیر","1355-04-04","هرمزگان","89341071103","3124118241","7370237382","سمنان، خیابان بوشهر، پلاک 108، طبقه8، واحد2","1592397556"
"101","حمیدرضا","خالو","علی","1397-03-07","خرم آباد","92761278787","3800773374","2601317197","ایلام، خیابان کاشان، پلاک 150، طبقه6، واحد3","7546267000"
"102","پارسا","فدایی","حمیدرضا","1377-04-28","مشهد","25997688635","2886094188","3232048585","ساری، خیابان قم، پلاک 59، طبقه12، واحد1","3547814271"
"103","مریم","کامرانی","کوروش","1392-08-02","تهران","70366346642","9289765136","190083292","هرمزگان، خیابان تبریز، پلاک 63، طبقه3، واحد4","2048640017"
"104","امید","تبریزی","محمود","1365-01-15","قشم","72136513589","2435679683","9380546781","قزوین، خیابان هرمزگان، پلاک 62، طبقه6، واحد2","9145929815"
"105","سحر","تبریزی","باربد","1375-12-20","یزد","83382299087","7880638799","9821189677","همدان، خیابان کرمانشاه، پلاک 73، طبقه20، واحد4","7325019756"
"106","یاسمن","نعمتی","پارسا","1399-04-22","کرمانشاه","98920365210","2335381998","9638389636","خرم آباد، خیابان قم، پلاک 30، طبقه19، واحد2","7317595241"
"107","سورنا","عقیلی","رامین","1389-07-10","بجنورد","77131659773","5186955766","3206656381","ایلام، خیابان بجنورد، پلاک 129، طبقه8، واحد2","7744464846"
"108","سروین","ادیبی","امیر","1377-10-18","همدان","52945825093","9378792930","8546784593","اردبیل، خیابان سمنان، پلاک 48، طبقه16، واحد3","4741105371"
"109","محمدجواد","کامرانی","رامین","1323-11-26","شیراز","56809462039","3366461194","6822047988","یزد، خیابان کیش، پلاک 79، طبقه9، واحد1","8762040746"
"110","شادی","مرعشی","بردیا","1341-07-02","کاشان","51928515070","2417810146","8919749270","ایلام، خیابان خوانسار، پلاک 22، طبقه20، واحد1","4878795021"
"111","سحر","طیبی","دانیال","1334-12-08","همدان","15875315276","7877154728","4583765435","مشهد، خیابان یزد، پلاک 107، طبقه17، واحد4","4537509175"
"112","پارمیدا","تهرانی","علی","1361-03-24","اراک","65273010105","1174761202","2445328910","تهران، خیابان کرمان، پلاک 113، طبقه11، واحد2","4038070963"
"113","سحر","صبا","دانیال","1386-06-11","بجنورد","38504598499","7000601852","4492089020","بجنورد، خیابان ملایر، پلاک 120، طبقه4، واحد3","3047919132"
"114","یاسمن","فرزانه پور","سورنا","1360-04-14","ایلام","47274531646","5784233222","8632231744","مشهد، خیابان اصفهان، پلاک 36، طبقه14، واحد1","4013887977"
"115","هادی","اربابی","بردیا","1386-05-27","ملایر","65106723719","3493063293","2770617030","ارومیه، خیابان کرمان، پلاک 131، طبقه20، واحد2","1554768832"
"116","سمیرا","صبا","شهریار","1342-12-28","مشهد","67546209492","5306422736","3993387161","کاشان، خیابان تهران، پلاک 103، طبقه17، واحد1","4122067806"
"117","سمیرا","نعمتی","شهرام","1381-03-19","قزوین","54884840087","3992437572","4046942612","سمنان، خیابان ساری، پلاک 78، طبقه3، واحد3","5482644986"
"118","نازنین","صبا","محمدجواد","1323-07-01","قشم","92273951672","3606015164","7382442795","ملایر، خیابان خرم آباد، پلاک 26، طبقه8، واحد4","9850986393"
"119","مریم","صبا","شهرام","1369-03-14","ارومیه","19857515678","6570733013","5648140299","یزد، خیابان تبریز، پلاک 61، طبقه20، واحد2","6404179350"
"120","پدرام","ملایری","آرمین","1397-07-04","هرمزگان","27588167396","7794195259","9125047466","تهران، خیابان قشم، پلاک 97، طبقه20، واحد4","5886819385"
"121","دانیال","فرزان","شهرام","1372-10-12","کیش","29592508337","2315542364","823381263","بجنورد، خیابان خرم آباد، پلاک 91، طبقه20، واحد3","9772054517"
"122","دریا","ادیبی","آرمین","1330-04-14","اراک","93515039055","9768230226","9295372799","بجنورد، خیابان اراک، پلاک 93، طبقه2، واحد4","4633459487"
"123","شهرام","کامرانی","امیر","1393-12-06","بیرجند","56341614178","2503411899","2595866164","اصفهان، خیابان سمنان، پلاک 41، طبقه18، واحد2","1606931805"
"124","محمود","ستوده","آرش","1331-09-17","سمنان","36759573302","8575423629","3886019750","کرمانشاه، خیابان اصفهان، پلاک 95، طبقه12، واحد1","8310035166"
"125","ترانه","ملایری","بردیا","1374-04-23","کاشان","15920952488","5865882017","7398371855","خوانسار، خیابان شوش، پلاک 118، طبقه18، واحد2","9655479240"
"126","شهریار","کرابی","پدرام","1337-09-08","هرمزگان","69152875082","7833279823","2183662817","بوشهر، خیابان هرمزگان، پلاک 110، طبقه20، واحد1","4764592898"
"127","هیربد","کرمانی","باربد","1359-10-22","ملایر","23310012007","4147034125","4738607535","تبریز، خیابان هرمزگان، پلاک 57، طبقه20، واحد2","4899138440"
"128","حمیدرضا","طالبی","هادی","1397-02-12","یزد","87082575921","1526074399","1515990897","اراک، خیابان قم، پلاک 119، طبقه4، واحد4","2741870293"
"129","مریم","فولادی","سورنا","1331-07-16","مشهد","79415887504","5234695576","8230900828","شیراز، خیابان بوشهر، پلاک 127، طبقه7، واحد3","9333722019"
"130","نازنین","صبا","رامین","1389-03-11","بوشهر","97470253899","4679410304","8945452212","بوشهر، خیابان بجنورد، پلاک 105، طبقه2، واحد3","6755955450"
"131","دیبا","عقیلی","محمدجواد","1377-03-10","سمنان","72525965547","7201803585","1402288832","بجنورد، خیابان هرمزگان، پلاک 125، طبقه10، واحد2","2762445543"
"132","باربد","مهرانفر","کوروش","1329-08-01","بوشهر","82561050706","1499738150","4422387829","قزوین، خیابان بیرجند، پلاک 24، طبقه6، واحد1","9860536327"
"133","سمیرا","فدایی","امیرپاشا","1338-05-15","بیرجند","28962874588","7394242082","3699977123","همدان، خیابان اردبیل، پلاک 30، طبقه11، واحد4","1304847853"
"134","هادی","کرمانی","علی","1375-11-05","قم","67166583272","6791061865","3399151413","ایلام، خیابان شوش، پلاک 82، طبقه8، واحد1","7019172806"
"135","شادی","نعمتی","کامران","1326-04-08","کرمانشاه","43050178211","2770448040","5433317490","ساری، خیابان کرمانشاه، پلاک 109، طبقه9، واحد1","6346005080"
"136","کوروش","فدایی","امید","1386-03-22","قزوین","71326071004","4014214547","4274841053","هرمزگان، خیابان بوشهر، پلاک 8، طبقه18، واحد1","4935272119"
"137","دیبا","هروی","امیرپاشا","1364-07-25","تهران","67756510312","8560196426","8787647323","شوش، خیابان ایلام، پلاک 14، طبقه9، واحد3","7883316311"
"138","مریم","آریایی","فرهاد","1357-07-24","خوانسار","17508191843","7989829946","6769497922","کاشان، خیابان کرمانشاه، پلاک 99، طبقه10، واحد3","9850003753"
"139","سمیرا","عقیلی","امید","1346-09-07","مشهد","79634621998","4893698304","6101664507","اصفهان، خیابان کرمانشاه، پلاک 89، طبقه6، واحد3","3948401991"
"140","نازنین","فولادی","شهرام","1335-02-12","بجنورد","94023266378","4400395492","9191638203","قشم، خیابان بوشهر، پلاک 55، طبقه11، واحد2","7880105022"
"141","شهرام","ستوده","رامین","1319-12-06","خوانسار","65705328811","6779721776","48118177","کرمان، خیابان هرمزگان، پلاک 69، طبقه3، واحد1","6345255761"
"142","فاطمه","طالبی","هادی","1368-10-01","اصفهان","46247483799","7798362263","2122647590","اراک، خیابان کاشان، پلاک 18، طبقه7، واحد2","3208574377"
"143","محمود","ادیبی","محمدجواد","1343-02-18","تبریز","50607439382","7768744798","6818060790","هرمزگان، خیابان شیراز، پلاک 129، طبقه7، واحد2","7712358944"
"144","بردیا","نعمتی","علی","1350-10-25","اراک","97267152166","7602178279","6939456960","شوش، خیابان تهران، پلاک 42، طبقه19، واحد2","6669302187"
"145","پارمیدا","کرابی","شهرام","1376-04-19","کرمانشاه","26848075054","3997117854","7302100354","اردبیل، خیابان شوش، پلاک 137، طبقه13، واحد1","6954998773"
"146","نازنین","نعیمی","هادی","1310-09-11","شیراز","52790880930","4061466063","1963992128","سمنان، خیابان تبریز، پلاک 66، طبقه10، واحد1","5044196943"
"147","فرهاد","فرزان","حمیدرضا","1338-07-03","مشهد","65345287021","7356357367","7844954758","تبریز، خیابان بوشهر، پلاک 131، طبقه14، واحد1","1317965621"
"148","ترانه","صبا","پارسا","1338-02-15","کرمان","55449045292","9099787252","7818678989","کرمان، خیابان قشم، پلاک 109، طبقه6، واحد4","2912962271"
"149","فرهاد","کاووسی","هیربد","1345-01-25","قم","57582689200","1490593798","3435773998","قم، خیابان کرمان، پلاک 90، طبقه17، واحد2","6821162966"
"150","پدرام","هروی","آرش","1371-01-14","بیرجند","28827795122","3370043200","9675731492","یزد، خیابان اراک، پلاک 89، طبقه5، واحد4","2789372197"
"151","فرهاد","میر","امیر","1314-07-18","هرمزگان","64129679189","4935623809","7271476799","بجنورد، خیابان تبریز، پلاک 67، طبقه17، واحد1","7164071587"
"152","سارا","ستوده","دانیال","1323-02-16","مشهد","32178938806","4794716975","8867182727","مشهد، خیابان کیش، پلاک 42، طبقه11، واحد4","1556545235"
"153","داراب","عقیلی","کامران","1333-01-15","اصفهان","15320855194","6782798535","4356010227","کاشان، خیابان اراک، پلاک 23، طبقه2، واحد4","4962910788"
"154","شادی","تبریزی","هیربد","1372-03-02","همدان","32245693663","5483464963","8950352817","قم، خیابان خرم آباد، پلاک 48، طبقه18، واحد2","4098712927"
"155","سورنا","طیبی","امید","1380-04-18","کرمان","14570334922","3324226559","8438955280","ملایر، خیابان قزوین، پلاک 140، طبقه9، واحد4","6216542233"
"156","دانیال","آریایی","شهریار","1352-08-19","خرم آباد","50298829006","5939473475","3657943325","بجنورد، خیابان ایلام، پلاک 64، طبقه10، واحد1","1219714904"
"157","سروین","آریایی","سورنا","1310-07-26","مشهد","13660933399","5297628063","9401929497","کرمانشاه، خیابان کرمانشاه، پلاک 29، طبقه16، واحد2","9939994890"
"158","لیلی","رضوی","آرش","1358-07-06","خرم آباد","38769214408","1327234883","9494617942","تهران، خیابان کرمانشاه، پلاک 82، طبقه10، واحد2","3568258590"
"159","سحر","میرعباسی","محمدجواد","1333-04-10","قم","13444880680","4629459346","7408658553","شیراز، خیابان اردبیل، پلاک 133، طبقه5، واحد1","4862147105"
"160","هادی","نعیمی","پارسا","1340-04-27","بیرجند","95689388807","7251157001","7478842794","ایلام، خیابان خرم آباد، پلاک 79، طبقه15، واحد2","7449364541"
"161","دیبا","ادیبی","بردیا","1383-10-21","مشهد","57764625523","8115477610","3179175294","قم، خیابان قم، پلاک 62، طبقه2، واحد3","8929296599"
"162","دیبا","فرزانه پور","محمود","1329-08-24","هرمزگان","47521651264","8797992881","6796573980","خوانسار، خیابان مشهد، پلاک 3، طبقه8، واحد4","4798523889"
"163","آرمین","طالبی","داراب","1337-08-18","اراک","49148770543","3587689871","9368119770","اردبیل، خیابان شیراز، پلاک 124، طبقه1، واحد1","9216572271"
"164","نیلوفر","صبا","محمدجواد","1367-02-10","تبریز","25260055553","1177051638","4831038736","سمنان، خیابان کرمانشاه، پلاک 88، طبقه1، واحد4","8866702474"
"165","دریا","نعیمی","امیر","1326-08-08","اراک","99963762438","9275682738","9618346552","مشهد، خیابان بجنورد، پلاک 43، طبقه20، واحد3","2031914560"
"166","هادی","بابایی نژاد","هیربد","1368-03-13","بیرجند","46791437406","3354135860","1720767666","شوش، خیابان ایلام، پلاک 2، طبقه1، واحد2","1748296197"
"167","کیانا","آریایی","سورنا","1355-08-16","خرم آباد","40923360058","8520101104","9057214418","بوشهر، خیابان یزد، پلاک 13، طبقه7، واحد3","1577788014"
"168","کوروش","علوی","هادی","1342-07-05","مشهد","76558352896","8402208558","1013929933","کرمان، خیابان اردبیل، پلاک 13، طبقه8، واحد2","9403929417"
"169","ترانه","کامرانی","پارسا","1393-05-01","شیراز","26251705663","1220935879","208123025","بیرجند، خیابان کیش، پلاک 138، طبقه9، واحد2","7403262419"
"170","دانیال","کاووسی","علی","1341-07-08","ملایر","57611700003","4926805502","8025880973","کرمانشاه، خیابان خوانسار، پلاک 18، طبقه9، واحد2","7269988016"
"171","سحر","تهرانی","بردیا","1376-06-02","قم","66872421671","5030885326","1934122508","اصفهان، خیابان بجنورد، پلاک 93، طبقه1، واحد4","5732074790"
"172","دانیال","تهرانی","شهریار","1345-09-25","قم","67096053273","1341684755","710433987","تبریز، خیابان خوانسار، پلاک 142، طبقه3، واحد2","7274059852"
"173","امیرپاشا","اربابی","باربد","1310-08-05","شوش","96856884364","2437846891","9703279504","بیرجند، خیابان بیرجند، پلاک 22، طبقه6، واحد1","2287633280"
"174","محمدجواد","رضوی","هیربد","1346-09-18","ساری","98883070967","5267238038","2635775857","ساری، خیابان قشم، پلاک 94، طبقه9، واحد3","9208227904"
"175","شهرام","علوی","پدرام","1337-08-26","ساری","22854640687","5512962766","1143999098","بوشهر، خیابان کیش، پلاک 22، طبقه17، واحد4","5856074842"
"176","فرهاد","طالبی","سورنا","1317-09-23","اصفهان","45883622732","8669588580","2007343689","ساری، خیابان هرمزگان، پلاک 102، طبقه19، واحد2","2562855209"
"177","لیلی","کرمانی","محمدجواد","1317-06-16","خرم آباد","59499243742","6751394161","4893516633","ارومیه، خیابان مشهد، پلاک 47، طبقه6، واحد3","2253600503"
"178","سارا","کرمانی","سورنا","1386-11-07","سمنان","34955694961","5257943262","4668368816","خوانسار، خیابان ملایر، پلاک 140، طبقه14، واحد3","4827323296"
"179","سمیرا","فدایی","شهرام","1329-01-01","بیرجند","13250152749","2433687584","2827772671","تبریز، خیابان ملایر، پلاک 98، طبقه10، واحد4","2262656337"
"180","دیبا","فرزان","امیر","1320-11-16","اراک","89938904177","7054940384","9132777463","اردبیل، خیابان کرمان، پلاک 137، طبقه5، واحد1","3816031639"
"181","آرش","فدایی","هادی","1375-08-09","ملایر","37938418364","6521358823","7928513631","قزوین، خیابان شوش، پلاک 84، طبقه15، واحد1","6178416057"
"182","پدرام","رضوی","دانیال","1315-01-23","خوانسار","27591168516","4326296711","9593463690","کیش، خیابان مشهد، پلاک 106، طبقه17، واحد3","6953367246"
"183","دیبا","موتمن","علی","1352-05-14","اردبیل","35947637244","8899312315","8712653816","مشهد، خیابان ایلام، پلاک 116، طبقه1، واحد3","1488735625"
"184","سارا","آریایی","علی","1396-01-01","یزد","95998988845","3342179592","4910963880","شیراز، خیابان ملایر، پلاک 149، طبقه2، واحد3","3094232677"
"185","شهرام","میر","محمدجواد","1350-07-01","خوانسار","87078479538","8431729982","7572274947","قزوین، خیابان سمنان، پلاک 92، طبقه1، واحد4","6791161655"
"186","شادی","رضوی","هادی","1337-04-05","کیش","96216515727","4518360486","6095544237","شیراز، خیابان مشهد، پلاک 59، طبقه18، واحد4","5802545441"
"187","محمدجواد","میرعباسی","آرش","1393-02-18","یزد","82908763259","9190454909","4389986615","شیراز، خیابان همدان، پلاک 35، طبقه8، واحد2","1538926468"
"188","یاسمن","بابایی نژاد","سورنا","1398-12-24","کرمان","94697131738","8353127634","9288628643","قم، خیابان قشم، پلاک 23، طبقه10، واحد1","8575364570"
"189","باربد","عقیلی","شهریار","1364-05-22","قشم","78967787856","3087174228","6218785105","ساری، خیابان یزد، پلاک 58، طبقه12، واحد4","2015066724"
"190","نازنین","آریایی","پارسا","1332-10-24","خوانسار","44150935462","8464369295","3728264851","شوش، خیابان قشم، پلاک 115، طبقه12، واحد4","7279955739"
"191","باربد","رضوی","داراب","1346-04-06","تبریز","70065882451","3601250571","1603510894","مشهد، خیابان خرم آباد، پلاک 68، طبقه4، واحد1","1145067513"
"192","زویا","ستوده","شهریار","1359-08-25","شیراز","69841968792","9078900070","9552060765","اردبیل، خیابان شوش، پلاک 150، طبقه20، واحد3","5289657148"
"193","پارسا","نعمتی","پدرام","1394-03-20","اردبیل","76325042987","6546832834","9252309884","کرمانشاه، خیابان کاشان، پلاک 145، طبقه20، واحد1","5916414088"
"194","سروین","ملایری","آرش","1361-02-08","شوش","26389745959","7251111711","1002763387","مشهد، خیابان هرمزگان، پلاک 22، طبقه2، واحد3","8841511798"
"195","هیربد","طیبی","امیر","1330-01-13","بیرجند","99235384965","4870146460","1813652789","کیش، خیابان اردبیل، پلاک 105، طبقه6، واحد2","2344964707"
"196","داراب","طالبی","هیربد","1383-10-06","ملایر","45026732717","9540615880","1468735690","بجنورد، خیابان خوانسار، پلاک 20، طبقه5، واحد4","3049397501"
"197","فاطمه","فرزانه پور","فرهاد","1362-07-25","همدان","22831036968","9608135778","4360120525","قشم، خیابان کرمانشاه، پلاک 122، طبقه10، واحد4","3533389716"
"198","علی","خالو","بردیا","1372-08-16","ساری","49605851225","5462629913","7514839536","هرمزگان، خیابان یزد، پلاک 110، طبقه7، واحد2","8728376730"
"199","هیربد","فولادی","محمود","1347-06-06","بوشهر","27437288594","5778463320","2637425769","همدان، خیابان سمنان، پلاک 59، طبقه2، واحد3","2434337111"
"200","باران","علوی","شهریار","1381-09-02","مشهد","58710736506","8069436348","9245588359","خرم آباد، خیابان همدان، پلاک 96، طبقه5، واحد3","8137480737"
"201","محمدجواد","ادیبی","هیربد","1350-09-04","ایلام","57043162226","7139690001","5591333066","تبریز، خیابان بیرجند، پلاک 130، طبقه6، واحد2","7224217283"
"202","کامران","موتمن","حمیدرضا","1362-06-12","شوش","75380496067","5164885976","3725904165","قشم، خیابان کرمان، پلاک 95، طبقه10، واحد3","4428632936"
"203","ترانه","تهرانی","هادی","1364-06-16","ایلام","84103481212","6996472178","2317769570","شیراز، خیابان ساری، پلاک 75، طبقه2، واحد2","8943314033"
"204","بردیا","هروی","باربد","1400-02-20","تبریز","83290513532","7997797500","3069335560","ایلام، خیابان خرم آباد، پلاک 105، طبقه2، واحد4","5390085892"
"205","زویا","مرعشی","محمدجواد","1310-06-04","بوشهر","76278564036","8928414777","8843584475","اصفهان، خیابان تبریز، پلاک 57، طبقه6، واحد4","6929517800"
"206","امیرپاشا","فدایی","دانیال","1363-06-16","کاشان","90543783708","4392334233","7450885653","خوانسار، خیابان کرمان، پلاک 12، طبقه8، واحد1","5336850311"
"207","کیانا","فولادی","حمیدرضا","1373-05-06","مشهد","26264051894","4962775845","9479456985","قزوین، خیابان بجنورد، پلاک 41، طبقه9، واحد4","7705208758"
"208","فرهاد","کرابی","امیر","1384-03-10","اراک","69492774687","3783158259","1164038912","کرمان، خیابان اردبیل، پلاک 145، طبقه8، واحد1","5578600887"
"209","یاسمن","عقیلی","پدرام","1327-12-05","همدان","19301421038","7989303499","2129297819","تهران، خیابان شیراز، پلاک 136، طبقه5، واحد2","8444462351"
"210","سمانه","ستوده","آرمین","1400-06-27","قشم","39103201223","4574197003","4280740898","کرمان، خیابان بیرجند، پلاک 12، طبقه3، واحد2","8075023176"
"211","آرمین","کرابی","پدرام","1342-10-22","ملایر","99828107911","3527243744","5037432388","سمنان، خیابان تهران، پلاک 36، طبقه19، واحد2","1529491436"
"212","بیتا","ملایری","حمیدرضا","1373-07-04","ایلام","91595880651","4431422623","8884385738","قم، خیابان خرم آباد، پلاک 146، طبقه10، واحد4","7231488825"
"213","محمدجواد","فرزانه پور","بردیا","1363-06-18","مشهد","72234651023","6002817472","5336148023","بجنورد، خیابان قم، پلاک 30، طبقه6، واحد4","3912986760"
"214","آرش","ادیبی","سورنا","1352-11-11","بجنورد","36558410019","1218641932","3280848916","همدان، خیابان ایلام، پلاک 70، طبقه4، واحد2","1966824000"
"215","شهرام","کاووسی","باربد","1356-12-19","تهران","23256854501","4202410284","1359832254","قزوین، خیابان بجنورد، پلاک 145، طبقه7، واحد3","5283401239"
"216","داراب","تهرانی","آرمین","1367-03-04","کیش","97759691387","4033414048","8324195661","شوش، خیابان شوش، پلاک 39، طبقه7، واحد1","6049288274"
"217","پدرام","اربابی","فرهاد","1397-11-07","سمنان","71490739848","2197432687","9284204147","اردبیل، خیابان قشم، پلاک 58، طبقه10، واحد3","3692724862"
"218","سمیرا","ملایری","شهریار","1401-11-08","تهران","23317641262","1460967398","463681004","تبریز، خیابان مشهد، پلاک 15، طبقه2، واحد3","1622105464"
"219","امیر","نعیمی","آرمین","1346-03-18","هرمزگان","98618679330","6299125960","861626240","یزد، خیابان خوانسار، پلاک 87، طبقه9، واحد1","4273512185"
"220","آریانا","تهرانی","آرمین","1329-09-12","قزوین","52317078499","5923369934","9903871602","کرمانشاه، خیابان ایلام، پلاک 115، طبقه18، واحد4","4683769500"
"221","فرهاد","آریایی","کوروش","1385-07-18","ساری","37665800409","7981828825","9563294943","مشهد، خیابان بیرجند، پلاک 11، طبقه8، واحد2","6618337055"
"222","نیلوفر","علوی","آرمین","1333-04-12","بوشهر","84617002800","3749041169","6053612787","مشهد، خیابان قزوین، پلاک 150، طبقه18، واحد3","4514807940"
"223","امیر","نعیمی","سورنا","1360-05-14","هرمزگان","97839540202","1255552601","1747251653","بجنورد، خیابان کرمانشاه، پلاک 133، طبقه18، واحد4","5939993738"
"224","نیلوفر","ملایری","هادی","1389-04-04","همدان","53071325410","6803061688","9399611030","بجنورد، خیابان ارومیه، پلاک 12، طبقه9، واحد3","6209679949"
"225","نیلوفر","ملایری","محمدجواد","1387-03-01","ارومیه","26282934854","6800625921","8374879134","شوش، خیابان کاشان، پلاک 8، طبقه8، واحد2","1886933163"
"226","کتایون","فولادی","محمود","1364-08-09","کرمانشاه","37478648642","3355723082","7003425523","قشم، خیابان قم، پلاک 94، طبقه16، واحد4","7841724033"
"227","هادی","نعمتی","هیربد","1333-04-25","خرم آباد","56656685272","2290147011","454249133","قزوین، خیابان تبریز، پلاک 104، طبقه18، واحد1","6417201083"
"228","بردیا","تهرانی","بردیا","1401-09-10","شیراز","36229284242","5522237232","4739308328","بجنورد، خیابان سمنان، پلاک 145، طبقه9، واحد1","2144366558"
"229","سارا","اربابی","هیربد","1383-03-05","مشهد","26633004210","6638366723","5570299546","شیراز، خیابان کاشان، پلاک 96، طبقه7، واحد1","4172451982"
"230","سمانه","تهرانی","پدرام","1318-09-12","شوش","58310396617","3944841740","9776647016","قشم، خیابان سمنان، پلاک 45، طبقه14، واحد2","8378781128"
"231","کیانا","طالبی","سورنا","1386-08-25","ارومیه","87609138151","8504983069","9075659566","مشهد، خیابان یزد، پلاک 116، طبقه13، واحد4","4758728015"
"232","کیانا","میر","کامران","1351-09-08","تهران","29223593474","2929782153","3907939901","مشهد، خیابان کرمانشاه، پلاک 73، طبقه3، واحد2","9252290311"
"233","امیر","مرعشی","کوروش","1337-02-12","ایلام","34284047435","9396800195","8339055907","ساری، خیابان یزد، پلاک 57، طبقه6، واحد1","1320795265"
"234","رامین","کاووسی","کامران","1314-12-28","شیراز","24207348598","4376150737","480597021","مشهد، خیابان یزد، پلاک 69، طبقه6، واحد2","5909863380"
"235","آریانا","طالبی","امیر","1396-09-15","مشهد","46263759887","8624772935","7215930347","بجنورد، خیابان ملایر، پلاک 8، طبقه2، واحد1","7993908487"
"236","کتایون","فرزانه پور","پدرام","1387-04-27","یزد","23929220791","8498500562","467293005","تهران، خیابان قزوین، پلاک 122، طبقه4، واحد3","4370238378"
"237","محمود","مهرانفر","آرمین","1356-08-08","ایلام","85500699347","1008453174","5660878140","مشهد، خیابان همدان، پلاک 99، طبقه6، واحد2","5944062036"
"238","پدرام","صبا","امید","1371-07-15","مشهد","89331958115","3747531747","2540807522","ساری، خیابان کرمانشاه، پلاک 67، طبقه15، واحد3","1674023977"
"239","رامین","صبا","بردیا","1351-12-27","یزد","72339805863","4503194949","562694641","اراک، خیابان بجنورد، پلاک 46، طبقه15، واحد2","6786902907"
"240","سورنا","نعیمی","امید","1329-05-16","ایلام","93901159155","9550531460","9333415127","سمنان، خیابان یزد، پلاک 94، طبقه6، واحد1","8697777972"
"241","پارمیدا","فرزانه پور","علی","1313-12-14","ساری","83313842928","3845245981","836789705","هرمزگان، خیابان هرمزگان، پلاک 50، طبقه20، واحد2","3476534373"
"242","دانیال","اربابی","پارسا","1363-03-16","قم","74115166520","1988372512","849511847","بجنورد، خیابان قم، پلاک 69، طبقه9، واحد2","1705280102"
"243","دریا","تبریزی","بردیا","1369-07-09","ساری","88038742502","4628523167","6075664289","ملایر، خیابان اراک، پلاک 27، طبقه1، واحد3","9411615378"
"244","آرمین","نعیمی","هادی","1390-04-06","بیرجند","56395321385","7367930604","28924058","شیراز، خیابان اصفهان، پلاک 107، طبقه17، واحد3","5666590584"
"245","بیتا","نعمتی","محمود","1355-10-16","تبریز","84684786636","9844796493","2989634041","ارومیه، خیابان تهران، پلاک 55، طبقه15، واحد1","3804565086"
"246","کیانا","فرزانه پور","امیر","1369-08-15","کرمان","89465106051","2979974676","1151449367","همدان، خیابان کرمانشاه، پلاک 130، طبقه5، واحد2","9605893884"
"247","فاطمه","نعمتی","داراب","1316-03-12","هرمزگان","90949292938","6511631005","600387694","کیش، خیابان تهران، پلاک 139، طبقه12، واحد3","8261757309"
"248","مریم","طیبی","امیرپاشا","1358-07-23","اردبیل","39359625376","7533821983","6634003287","اصفهان، خیابان بجنورد، پلاک 31، طبقه18، واحد4","9389139872"
"249","باربد","صبا","کوروش","1329-03-22","ساری","39826907071","6027508536","7589799634","ملایر، خیابان کیش، پلاک 81، طبقه5، واحد1","3412156453"
"250","داراب","خالو","آرش","1316-01-18","اراک","31448263493","9806781272","4767783773","شیراز، خیابان مشهد، پلاک 49، طبقه16، واحد3","7571776347"
